ID,CODE,NOM,STATUT,DESCRIPTION,DESCRIPTION_EN,ADRESSE,ADRESSE_CPLT,CP,COMMUNE,TEL,WEB,EMAIL,TWITTER,FACEBOOK,GOOGLE_PLUS,HORAIRES,OBJETS_RECUPERES,OBJETS_EN,CATEG_OBJETS,latitude,longitude,ORIGINE_INFO,Horaires,Acceptez-vous que ces informations soient publiques ?
1,stco_reemploi_popfringues,Pop' Fringues (Secours Populaire Français Nantes),Association,"Dans une boutique d'environ 20 mètres carrés, vous trouverez des vêtements, livres, jouets, vaisselle.","Clothing, books, toys, dishes.",22 quai Ernest Renaud,,44100,NANTES,02 40 69 38 22,https://www.secourspopulaire.fr/brive/pop-fringues,,,,,0101-3112_lu+ma+je+ve_13h00-17h00,"Vêtements, bibelots, livres, pull, pantalon, veste","Clothing, trinkets, books, sweater, pants, jacket","vêtements, divers, livres/BD/CD/DVD",47.20508,-1.575083,MieuxTrierANantes 07/2016,"Lundi, mardi, jeudi, vendredi de 13h à 17h",
2,stco_reemploi_solidarimeuble,Solidari'meubles (Secours Populaire Français Nantes),Association,"Vous ne savez que faire de vos meubles, vos appareils, de vos nécessaires ménager ou de vos livres qui méritent une seconde vie, pensez à en faire don, et ainsi vous pourrez apporter une aide précieuse aux plus déshérités.<br/>Dépôt des dons : Les mardi et jeudi de 9h30 à 12h et de 13h30 à 17h, Le vendredi de 9h30 à 12h et 13h30 à 15h30","You do not know what to do with your furniture, appliances, your necessary household or your books that deserve a second life, consider donating it, and so you can provide valuable assistance to the poorest. <br/> Depot Donations: The Tuesday and Thursday from 9:30 to 12 am and from 13h30 to 17h, Friday from 9:30 am to 12 noon and 1:30 p.m. to 3:30 p.m.",1 rue des Granits,,44100,NANTES,02 40 95 10 61,http://typo.spf-idf.org/granits.0.html,,,,,"0101-3112_ma+je_09h30-12h00+13h30-17h00,0101-3112_ve_09h30-12h00+13h30-15h30,","meuble,électroménager","furniture, household appliances","meuble, électroménager",47.198314,-1.596764,MieuxTrierANantes 07/2016,Dépôt les mardi et jeudi de 9h00 à 12h et de 13h30 à 17h. Ouverture tout public le 1er samedi du mois de 9h à 12h30 et les 3 derniers vendredus de 9h30 à 12h et de 13h30 à 15h30.,
3,stco_reemploi_spopaffaires,S'POP affaires (Secours Populaire Français Nantes),Association,"Vêtements, petits mobiliers, livres, jouets, vaisselle, bibelots.","Clothing, small furniture, books, toys, dishes.",31 chaussée de la Madeleine,,44000,NANTES,02 40 29 45 26,https://www.secourspopulaire.fr/spop-affaires,,,,,"0101-3112_lu+ma+je_10h00-12h30+14h00-17h00,0101-3112_ve_14h00-17h00","vêtement, petit mobilier, livre, jouet, vaisselle, pull, pantalon, veste","clothing, small furniture, books, toys, dishes, sweater, pants, jacket","vêtements, divers, livres/BD/CD/DVD",47.210229,-1.550847,MieuxTrierANantes 07/2016,"Lundi, mardi et jeudi de 10h à 12h30 et de 14h à 17h. Le vendredi de 14h à 17h",
4,stco_reemploi_transformeurs,Transformeurs,Association,"Nous récupérons les vélos. Ils sont démontés et réparés.<br/><br/>Nous sommes ouverts également pour la réparation d'objets de la maison, tels que : mobiliers, ustensiles, jouets, petites réparations électriques (fil, interrupteur, douille...), éléments de décoration...<br/><br/>. ATTENTION, nous ne pouvons garantir la réussite des réparations, mais nous essaierons d'identifier la panne et de vous proposer une solution économique.<BR/>Objets récupérés : vélos entiers, pièces détachées fonctionnelles, accessoires, équipements","We collect the bikes. They are disassembled and repaired <br/> We are open also for the repair of household objects, such as:. Furniture, utensils, toys, small electrical repairs (wire, switch, socket ...) , decorative items ... <br/>. ATTENTION, we can not guarantee the success of repairs, but we will try to identify the fault and to offer an economical solution.","28, bd Winston Churchill",,44100,NANTES,02 40 36 60 68,,atelierbelevue@transformeurs.net,,"https://www.facebook.com/profile.php?id=100009486609448"".",,"0101-3112_me_14h00-18h00,0101-3112_je_17h00-20h00",Vélo,"bicycle,bike",vélo,47.208928,-1.610673,"Envoyé par mail à mieuxtrieranantes@gmail.com, le 25/09/2015","Mercredi 14h00-18h00,Jeudi 17h00-20h00",OUI
5,stco_reemploi_velocampus,Velocampus,Association,"Vélocampus est une association qui anime des ateliers participatifs et solidaires qui visent à fournir aux participants une certaine autonomie à l'entretien et la réparation de leur vélo. C'est ce qu'on appelle la vélonomie ! Ils permettent de nombreux échanges et une pratique pour acquérir, appliquer et aussi transmettre des savoir-faire dans ce domaine.<br/>Nous récupérons tous types de vélos, dans tous les états, pour leur offrir une seconde vie.<BR/>Objets récupérés : vélos,pièces,carcasses","Velocampus is an association that conducts participatory workshops and solidarity that aim to provide participants with some autonomy for the maintenance and repair their bikes. It's called the vélonomie! They allow many exchanges and practical to acquire, apply and also transmit know-how in this field. <br/> We collect all bikes in all states, to offer them a second life.",3 chemin censive du tertre,,44300,NANTES,02 40 16 26 45,http://www.velocampus.net/,contact@velocampus.net,,https://www.facebook.com/pages/Velocampus-Nantes/349718938395583,,0101-3112_lu+ma+me+je+ve_13h30-18h,Vélo,"bicycle,bike",vélo,47.243274,-1.554955,"Actualisation par mail à mieuxtrieranantes@gmail.com, le 18/04/2016","accueil du mardi au vendredi de 13h30 à 18h ; ateliers de réparation : mardi 13h30-17h30 et 19h30-22h, mercredi 16h-20h, jeudi 13h30-17h30",
6,stco_reemploi_dechetpaimboeuf,Déchèterie Paimboeuf / Saint Viaud,Entreprise,"Certains déchets ne sont pas acceptés en déchèteries : ordures ménagères et tri sélectif, pneumatiques (sauf pneumatiques vélo), bouteilles de gaz, extincteurs, déchets explosifs ou radioactifs, cadavres d’animaux ou déchets anatomiques, médicaments, déchets hospitaliers, bâches agricoles, souches d’arbres, épaves de véhicules à moteur…","Some wastes are not accepted in déchèteries: refuse and recycling, tires (except bicycle tires), gas bottles, fire extinguishers, explosives or radioactive waste, animal carcasses or anatomical waste, medicines, hospital waste, agricultural sheeting, strains trees, motor vehicle wrecks ...",6 Bd Dumesnildot - BP 3014,,44560,PAIMBOEUF,02 40 27 75 15,http://www.cc-sudestuaire.fr/les-decheteries/,environnement@cc-sudestuaire.fr,,,,,,,,47.286783,-2.025536,"Renseigné sur formulaire de mieuxtrieranantes.fr, le 15/07/2014",,OUI
7,stco_reemploi_retzemploi_saintepaz,Atelier du Retz Emploi (Sainte-Pazanne),Association,"Collecte, revente à petit prix de ce qui est récupérable, tri en vue de recyclage : vaisselle, jouets, livres, disques, électroménager en état de fonctionnement, outils, vêtements, chaussures, bibelots, meubles...<br/><br/>Permances sur Déchèterie du Pont-Béranger","Collection, resale at low prices what is recoverable, sorting for recycling: dishes, toys, books, disks, appliances in working order, tools, clothes, shoes, trinkets, furniture ... <br/> <br /> Permances Recycling center on the Pont Beranger",7 impasse du Clos Neuf - ZA les Berthaudières,,44680,SAINTE-PAZANNE,02 40 65 89 09,http://www.atelierduretzemploi.org,contact@atelierduretzemploi.org,,,,0101-3112_me+sa_10h00-18h,"vélo,mobilier,textile,vaisselle,jouet,puériculture,livre,CD,DVD,outillage,matériel électrique","bicycle, furniture, textiles, tableware, toy, baby, book, CD, DVD, tools, electrical equipment","meuble, livres/bd/cd/dvd, jouet, vêtements, divers",47.112545,-1.802187,"Renseigné sur formulaire de mieuxtrieranantes.fr, le 22/07/2014","le MERCREDI de 10h à 18h, le SAMEDI de 10h à 18h",OUI
8,stco_reemploi_retzemploi_lepelerin,Atelier du Retz Emploi (Le Pèlerin),Association,"Collecte, revente à petit prix de ce qui est récupérable, tri en vue de recyclage : vaisselle, jouets, livres, disques, électroménager en état de fonctionnement, outils, vêtements, chaussures, bibelots, meubles...<br/><br/>Permanences sur Déchèterie du Pont-Béranger","Collection, resale at low prices what is recoverable, sorting for recycling: dishes, toys, books, disks, appliances in working order, tools, clothes, shoes, trinkets, furniture ... <br/> <br /> Permanences Recycling center on the Pont Beranger",18 rue du docteur Sourdille,,44640,LE PELLERIN,06 77 63 83 04,http://www.atelierduretzemploi.org,contact@atelierduretzemploi.org,,,https://drive.google.com/file/d/0B5dknMvA6hy8N0VERkJpUzIxaDg/edit?usp=sharing,0101-3112_me+sa_10h00-18h,"vélo,mobilier,textile,vaisselle,jouet,puériculture,livre,CD,DVD,outillage,matériel électrique","bicycle, furniture, textiles, tableware, toy, baby, book, CD, DVD, tools, electrical equipment","meuble, livres/bd/cd/dvd, jouet, vêtements, divers",47.200633,-1.755177,"Renseigné sur formulaire de mieuxtrieranantes.fr, le 22/07/2014","le MERCREDI de 10h à 18h, le SAMEDI de 10h à 18h",OUI
9,stco_reemploi_retzemploi_lebreil,Atelier du Retz Emploi (Le Breil),Association,"Collecte, revente à petit prix de ce qui est récupérable, tri en vue de recyclage : vaisselle, jouets, livres, disques, électroménager en état de fonctionnement, outils, vêtements, chaussures, bibelots, meubles...<br/><br/>Permanences sur Déchèterie de Saint-Jean de Boiseau","Collection, resale at low prices what is recoverable, sorting for recycling: dishes, toys, books, disks, appliances in working order, tools, clothes, shoes, trinkets, furniture ... <br/> <br /> Permanences on Recycling center of Saint-Jean de Boiseau",78 rue des plantes (côté cour),,44640,NANTES,07 81 63 00 48,http://www.atelierduretzemploi.org,contact@atelierduretzemploi.org,,,https://drive.google.com/file/d/0B5dknMvA6hy8N0VERkJpUzIxaDg/edit?usp=sharing,0101-3112_me+sa_10h00-18h,"vélo,mobilier,textile,vaisselle,jouet,puériculture,livre,CD,DVD,outillage,matériel électrique","bicycle, furniture, textiles, tableware, toy, baby, book, CD, DVD, tools, electrical equipment","meuble, livres/bd/cd/dvd, jouet, vêtements, divers",47.231095,-1.590294,"Renseigné sur formulaire de mieuxtrieranantes.fr, le 22/07/2014","le MERCREDI de 10h à 18h, le SAMEDI de 10h à 18h",OUI
10,stco_reemploi_retzemploi_saintbrevin,Atelier du Retz Emploi (Saint Brévin),Association,"Collecte, revente à petit prix de ce qui est récupérable, tri en vue de recyclage : vaisselle, jouets, livres, disques, électroménager en état<br/><br/>Permanences sur Déchèterie de Saint-Brevin-les-Pins (Route de la gendarmerie)","Collection, resale at low prices what is recoverable, sorting for recycling: dishes, toys, books, disks, appliances capable <br/> Permanences on Recycling center of Saint-Brevin-les-Pins (Route Gendarmerie)","Chemin des potences, PA de la Guerche",,44250,SAINT-BREVIN-LES-PAINS,02 40 27 69 05,http://www.atelierduretzemploi.org,contact@atelierduretzemploi.org,,,https://drive.google.com/file/d/0B5dknMvA6hy8N0VERkJpUzIxaDg/edit?usp=sharing,0101-3112_me+sa_10h00-18h,"vélo,mobilier,textile,vaisselle,jouet,puériculture,livre,CD,DVD,outillage,matériel électrique","bicycle, furniture, textiles, tableware, toy, baby, book, CD, DVD, tools, electrical equipment","meuble, livres/bd/cd/dvd, jouet, vêtements, divers",47.240987,-2.154311,"Renseigné sur formulaire de mieuxtrieranantes.fr, le 22/07/2014","le MERCREDI de 10h à 18h, le SAMEDI de 10h à 18h",OUI
11,stco_reemploi_solilab,Le comptoir du Solilab (Atelier du Retz Emploi et Ding Fring),Association,"<ul>Deux acteurs locaux du réemploi et de la valorisation s'unissent dans une nouvelle boutique pour proposer un grand choix d'objets de seconde main : Le Comptoir. <li>l'Atelier du Retz Emploi, anime une filière professionnelle de récupération et de traitement des objets en vue du réemploi.<br/>C'est une Ressourcerie qui collecte, valorise, trie, nettoie et revend à petits prix dans ses boutiques solidaires en recréant du lien social et en proposant un accueil chaleureux.</li><li>Le Relais Atlantique est une entreprise d'insertion en SCOP qui collecte, trie et valorise les textiles, les chaussures et le linge de maison.<br/>Les vêtements et articles en bon état sont commercialisés à petit prix dans son réseau de boutiques de seconde main 'DING FRING' et au Comptoir du Solilab. Vente au kilo à partir de 7€50.</li></ul><br/>HORAIRES D'OUVERTURE : Du Mardi au Samedi de 10 h à 18 h <br/>Permanences sur déchèterie (déchèterie de Tougas à Saint-Herblain et Déchèterie de Saint-Sébastien) : vous pouvez y déposer chaque jour des objets réutilisables<br/>Accès : Tan : Ligne C5 Arrêt «Quai des Antilles»","<ul> Two local players re-use and recovery unite in a new shop to offer a wide range of second-hand items: Le Comptoir. <li> Atelier du Retz Employment, runs a vocational track recovery and processing of objects for reuse. This is a Ressourcerie <br/> collecting, values, sorts, cleans and sells at low prices in its charity shopping recreating social links and providing a warm welcome. </ li> <li> The Atlantic Relais is an insertion company SCOP that collects, sorts and values ??the textiles, footwear and linens. < br /> The clothing and items in good condition are sold at low prices in its network of second-hand shops 'DING FRING' and desk Solilab </ li> </ ul> <br/> OPENING HOURS.: From Tuesday to Saturday from 10 am to 18 pm on déchèterie <br/> Permanences (déchèterie Tougas of Saint-Herblain and Recycling center of San Sebastian) you can deposit each day reusable objects <br/> Access: Tan: Off Line C5 'Quai des Antilles'",8 rue Saint Domingue,,44200,NANTES,,www.atelierduretzemploi.org,,,,https://drive.google.com/file/d/0B5dknMvA6hy8N0VERkJpUzIxaDg/edit?usp=sharing,0101-3112_ma+me+je+ve+sa_10h00-18h,"linge,textile,chaussure,vaisselle,outillage,jouet,livre,meuble","linen, textiles, shoes, dishes, tools, toy, book, furniture","livres/bd/cd/dvd, jouet, vêtements, divers",47.201027,-1.571628,"Renseigné sur formulaire de mieuxtrieranantes.fr, le 22/07/2014",Du Mardi au Samedi de 10 h à 18 h,OUI
12,stco_reemploi_naga,Nâga,Association,"Nâga est une association de récupération et de don d’ordinateurs sur Nantes Métropole.<br/>Nous intervenons dans la récupération de parcs informatiques d’entreprises et d’ordinateurs de particuliers.<br/>Les ordinateurs sont alors reconditionnés, puis donnés aux adhérents de l’association.",The Nâga is an association making recovery and computer donation Nantes Métropole. We operate in the IT asset recovery companies and private computers. The computers are then reconditioned and given to members of the association.,17 chemin fontaine Launay,,44400,REZÉ,02 85 52 31 22,www.naga44.org,contact@naga44.org,,,,,"ordi,ordinateur",computer,informatique,47.187252,-1.5476762,"Selon les infos fournies par Nâga, le 03/11/2016",Sur rendez-vous,OUI
13,stco_reemploi_lapommeetlalionne,La Pomme et La Lionne,Entreprise,"début mars 2015, un espace sera disponible pour mon atelier boutique à ST Nazaire, près du marché","beginning in March 2015, a space will be available to my shop workshop ST Nazaire, near the market",18 r Gauloise,,44600,SAINT NAZAIRE,06.33.63.35.52,,lapommelalionne@gmail.com,,http://www.facebook.com/lapomme.etlalionne/photos_stream,,,"vêtement, pull, pantalon, veste","garment, sweater, pants, jacket",vêtements,47.27985,-2.207535,"Renseigné sur formulaire de mieuxtrieranantes.fr, le 01/09/2014",10h-12h/14h-19h,OUI
14,stco_reemploi_techrecyclage,Tech Recyclage,Entreprise,"Tech-Recyclage recycle vos appareils informatiques cassés ou obsolètes. Nous réparons aussi vos ordinateurs portables (écrans cassés, plasturgie...).<br/>Enlèvement gratuit sur demande téléphonique ou mail.","Tech-Recycling recycles your broken or obsolete computer equipment. We also repair your laptops (broken screens, plastics ...). Removal <br/> free on telephone request or email.",22 rue de Verdun,Magasin Nelumbo,44000,NANTES,06 66 97 99 68,,contact@tech-recyclage.com,,https://www.facebook.com/techrecyclage,,"0101-3112_lu_13h00-19h00,0101-3112_ma+me+je+ve+sa_10h30-19h00","ordinateurs,imprimantes,smartphones,tablettes","computers, imrpmantes, smartphones, tablets",,47.216793,-1.552638,"Renseigné sur formulaire de mieuxtrieranantes.fr, le 14/01/2015",,OUI
15,stco_reemploi_catourneautroc,Ça Tourn'au Troc (Couëron),Entreprise,Dépôt-vente vêtements et accessoires. Femme et enfant. Dépôt uniquement sur rendez-vous. ,Consignment clothing and accessories. Woman and child. Deposit by appointment only.,1 rue de la Marne ,,44220,COUËRON,09 51 49 22 88,,catourneautroc@free.fr,,,,"0101-3112_ma+me+je+ve_09h00-12h15+15h00-18h30,0101-3112_sa_10h00-12h00","vêtement, pull, pantalon, veste","garment, sweater, pants, jacket",vêtements,47.209943,-1.730260,Ça Tourn'au Troc / MieuxTrierANantes 03/2016,"Mardi au Vendredi 09h00 à 12h15 - 15h00 à 18h00, Samedi : 10h00 à 12h00 ",OUI
16,stco_reemploi_ataovelo,ATAO (Saint-Herblain) vélo,Association,Plusieurs types de services sont proposés aux entreprises et aux particuliers :<br/>- la vente de bicyclettes remises en état et garanties<br/>-L'entretien de bicyclettes de particuliers ou d'un parc d'entreprise.,,7 rue du Lamineur , ,44800,SAINT-HERBLAIN,02 40 92 89 00,http://atao-insertion.fr/,velo@atao-insertion.fr, ,https://www.facebook.com/ATAOnantes/?fref=ts, ,"0101-3112_lu+me_08h00-12h00+13h30-16h00,0101-3112_ma+je_08h00-12h15+13h00-17h00,0101-3112_ve_08h00-12h00","vélo,roue,pédalier","bike,wheel,pedals",vélo,47.218935,-1.645201,Entretien Atao / MieuxTrierANantes 03/2016," Lundi et mercredi : 8h - 12h & 13h30 – 16h, Mardi et jeudi 8h - 12h15 & 13h – 17h, Vendredi 8h – 12h<br/>Le 1er mercredi de chaque mois : ouverture à 13h30",OUI
17,stco_reemploi_ataoauto,ATAO (Saint-Herblain) auto,Association,"ATAO recherche des véhicules usagés qui puissent être réparés : berlines ou petits utilitaires (toutes marques, tous kilométrages).<br/>Ses salariés les remettent en état et l’association les vend aux personnes à faible revenu (RSA, jeunes...), dans le cadre de leur projet professionnel.<br/><br/>ATAO développe ainsi une double démarche d'insertion :<br/>- Vos dons permettent une activité professionnalisante dans les métiers de la mécanique automobile et de l'accueil, ce qui permet le retour à l'emploi de ses salariés<br/> - Une fois remis à neuf, ces véhicules offrent aux bénéficiaires de minima sociaux la mobilité nécessaire pour accéder à l'emploi.<br/><br/>Et : vous réduisez vos impôts : Les dons permettent une déduction fiscale : 60 % du montant pour les entreprises et 66 % pour les particuliers.",,7 rue du Lamineur , ,44800,SAINT-HERBLAIN,02 40 92 28 91,http://atao-insertion.fr/,auto@atao-insertion.fr, ,https://www.facebook.com/ATAOnantes/?fref=ts, ,"0101-3112_lu_08h00-12h15+13h30-16h00,0101-3112_ma_08h00-12h15+13h30-17h00,0101-3112_me_08h00-12h00+13h30-16h00,0101-3112_je_08h00-12h15+13h00-17h00,0101-3112_ve_08h00-12h15","auto,automobile,auto,voiture","car,automotive,auto",,47.218935,-1.645201,Entretien Atao / MieuxTrierANantes 03/2016,"Lundi 8h00 - 12h15 / 13h30 – 16h00,Mardi 8h00 - 12h15 / 13h00 – 17h00,Mercredi* 8h00 - 12h00 / 13h30 – 16h00,Jeudi 8h00 - 12h15 / 13h00 – 17h00,Vendredi 8h00 – 12h15<br/>* Le 1er mercredi de chaque mois : ouverture à 13h30",OUI
18,stco_reemploi_boiteutile1,"La Boîte Utile (Vincent Gache, Nantes)",Association,"Impulsé par les associations locales monECOCITY Nantes et La Nizanerie, le collectif Les Boîtes Utiles a pour objet de promouvoir, aider et fédérer les différents projets de ‘GiveBox' sur l'agglo.<br/><br/>Dédiées au don et à l'échange, ces boîtes se présentent sous la forme d'une armoire, d'une cabine ou d'une cabane grand format. Elles invitent les habitants d'un quartier à déposer et/ou dénicher toutes sortes d'objets en bon état. Ni poubelle, ni mini-déchetterie, la Boîte utile est une solution citoyenne de proximité pour éviter le gaspillage et favoriser une consommation plus durable. Elle crée aussi un point de rencontre et de convivialité.","Driven by local associations monECOCITY Nantes and La Nizanerie, the collective Useful Boxes aims to promote, assist and unite the different projects 'GiveBox' on the chipboard. <br/> Dedicated donation and exchange, these boxes come in the form of a wardrobe, a cabin or a large format cabin. They invite the residents of a neighborhood to file and / or find all sorts of items in good condition. Neither trash or mini recycling center, the useful citizen Box is a local solution to avoid waste and promote more sustainable consumption. It also creates a meeting place and conviviality.",rue de Nizan,,44200,NANTES,,http://lesboitesutiles.tumblr.com/,lesboitesutiles@gmail.com,,,,0101-312_lu-ma-me-je-ve-sa-di_00h00-23h59,"vêtement,pull,pantalon,veste,jeu,divers",,divers,47.205534,-1.550461,MieuxTrierANantes 01/2015,Ouvert tout le temps,
19,stco_reemploi_boiteutile2,"La Boîte Utile 3 (La Bottière, Nantes)",Association,"Impulsé par les associations locales monECOCITY Nantes et La Nizanerie, le collectif Les Boîtes Utiles a pour objet de promouvoir, aider et fédérer les différents projets de ‘GiveBox' sur l'agglo.<br/><br/>Dédiées au don et à l'échange, ces boîtes se présentent sous la forme d'une armoire, d'une cabine ou d'une cabane grand format. Elles invitent les habitants d'un quartier à déposer et/ou dénicher toutes sortes d'objets en bon état. Ni poubelle, ni mini-déchetterie, la Boîte utile est une solution citoyenne de proximité pour éviter le gaspillage et favoriser une consommation plus durable. Elle crée aussi un point de rencontre et de convivialité.","Driven by local associations monECOCITY Nantes and La Nizanerie, the collective Useful Boxes aims to promote, assist and unite the different projects 'GiveBox' on the chipboard. <br/> Dedicated donation and exchange, these boxes come in the form of a wardrobe, a cabin or a large format cabin. They invite the residents of a neighborhood to file and / or find all sorts of items in good condition. Neither trash or mini recycling center, the useful citizen Box is a local solution to avoid waste and promote more sustainable consumption. It also creates a meeting place and conviviality.","esplanade de la Maison de Quartier, 147 route de Sainte-Luce",,44300,NANTES,,http://lesboitesutiles.tumblr.com/,lesboitesutiles@gmail.com,,,,0101-312_lu-ma-me-je-ve-sa-di_00h00-23h59,"vêtement,pull,pantalon,veste,jeu,divers",,divers,47.236002,-1.519424,MieuxTrierANantes 09/2015,Ouvert tout le temps,
20,stco_reemploi_boiteutile3,"La Boîte Utile 2 (Sainte-Thérèse, Nantes)",Association,"Impulsé par les associations locales monECOCITY Nantes et La Nizanerie, le collectif Les Boîtes Utiles a pour objet de promouvoir, aider et fédérer les différents projets de ‘GiveBox' sur l'agglo.<br/><br/>Dédiées au don et à l'échange, ces boîtes se présentent sous la forme d'une armoire, d'une cabine ou d'une cabane grand format. Elles invitent les habitants d'un quartier à déposer et/ou dénicher toutes sortes d'objets en bon état. Ni poubelle, ni mini-déchetterie, la Boîte utile est une solution citoyenne de proximité pour éviter le gaspillage et favoriser une consommation plus durable. Elle crée aussi un point de rencontre et de convivialité.","Driven by local associations monECOCITY Nantes and La Nizanerie, the collective Useful Boxes aims to promote, assist and unite the different projects 'GiveBox' on the chipboard. <br/> Dedicated donation and exchange, these boxes come in the form of a wardrobe, a cabin or a large format cabin. They invite the residents of a neighborhood to file and / or find all sorts of items in good condition. Neither trash or mini recycling center, the useful citizen Box is a local solution to avoid waste and promote more sustainable consumption. It also creates a meeting place and conviviality.",59 Rue de la Gourmette,,44300,NANTES,,http://lesboitesutiles.tumblr.com/,lesboitesutiles@gmail.com,,,,0101-312_lu-ma-me-je-ve-sa-di_00h00-23h59,"vêtement,pull,pantalon,veste,jeu,divers",,divers,47.233464,-1.574327,MieuxTrierANantes 03/2016,Ouvert tout le temps,
21,stco_reemploi_react,Re-act,Association,"RE-act est un service né en 2010 de proximité proposant aux gens de transformer leurs vêtements afin de s'offrir une nouvelle pièce unique et sur-mesure.<br/><br/>Il s'adresse majoritairement à des personnes peu consuméristes à la recherche d'originalité et de singularité par une nouvelle expérience du vêtement et leur offre ainsi une alternative séduisante à la consommation de textiles neufs.<br/>Les clients apportent leurs vieux vêtements en boutique, choisissent parmi les coupes disponibles et commandent leur nouveau vêtement, personnalisé, fait à partir de leurs propres vêtements","RE-act is a born commissioned in 2010 offering local people to transform their clothes in order to offer a new unique and customized. <br/> It mainly caters to low-consumerist looking for originality and uniqueness through a new experience of the garment and thus offers an attractive alternative to the use of new textiles. <br/> Customers bring their old clothes shop, choose from the available sections and control their new clothing, personalized, made from their own clothes","chez Adeline Letscher, 1 allée des Iles Marquises",,44300,NANTES,06 69 17 33 89,http://re-act.fr/,react.nantes@gmail.com,http://twitter.com/RE_atelier,http://www.facebook.com/pages/RE-act/258885030331,,,"vêtement, pull, pantalon, veste","garment, sweater, pants, jacket",vêtements,47.242692,-1.571018,MieuxTrierANantes 01/2015,Ouvert tout le temps,
22,stco_reemploi_stationservices,Stations services,Association,Nous récupérons des matières premières propres qui puissent ensuite être revendues à très bas prix aux créatifs pour être réemployer,We recover the own raw materials that could then be resold at very low prices to be creative reuse,9 Rue de la Bauche Thiraud,,44400,REZE,02 28 96 11 65,http://stations-services.org/,,,https://www.facebook.com/pages/STATIONS-SERVICES/163011530550420?fref=ts,,0101-3112_me+ve+sa_10h00-18h00,"matières premières : bois, métal, plastiques, textille…","raw materials: wood, metal, plastics, ... textille","vêtements, divers",47.164283,-1.543663,"Actualisation par mieuxtrieranantes.fr, le 07/2016",,
23,stco_reemploi_recuperette,La récupérette (Clisson),Association,"Les dépots peuvent se faire sur les horaires d'ouverture de la boutique.<br/><br/>RÉCUPÈRE le matériel en bon état :<br/>- Vaisselle et batterie de cuisine<br/>- Outils de bricolage et de jardin<br/>- Bibelots et objets de décoration<br/>- Vêtements propres et en bon état<br/>- Jouets et matériel de puériculture<br/>- Livres / CD / Vinyles<br/>- Meubles en bon état<br/>- Luminaires<br/><br/>Ne RÉCUPÈRE pas le matériel en mauvais état ainsi que ...<br/>- Déchets verts<br/>- Cartouches et toners d'imprimantes<br/>- K7 vidéo<br/>- Téléphones portables, chargeurs<br/>- Téléviseurs, télécommandes<br/>- Matériel informatique<br/>- Vêtements sales ou abîmés<br/>","The deposits can be made on the opening hours of the shop <br/> RECOVERED it in good equipment. <br/> - Crockery and battery <br/> kitchen - DIY and Tools <br/> garden - Trinkets <br/> and decorative objects - clean clothing in good condition <br/> - <br/> Toys and baby equipment - Books / CD / Vinyl <br/> - Furniture of good <br/> state - Lighting <br/> Do not RECOVERED equipment in disrepair and ... <br/> - Green waste <br/> - Cartridges and toners for printers <br/> - K7 video <br/> - Mobile Phones, <br/> Chargers - Televisions, <br/> remote controls - Hardware <br/> - dirty or damaged clothing <br/>",4 rue des Châtaigniers,,44190,CLISSON,07 81 95 54 13,http://larecuperette.jimdo.com/,larecuperette@gmail.com,,https://www.facebook.com/pages/La-R%C3%A9cup%C3%A9rette/1545686572345192?fref=ts,,,"vaisselle et batterie de cuisine, outils de bricolage et de jardin, bibelots et objets de décoration, vêtements propres et en bon état, jouets et matériel de puériculture, livres / cd / vinyles, meubles en bon état, luminaires","tableware and kitchenware, DIY and garden tools, ornaments and decorative items, and clean clothes in good condition, toys and baby equipment, books / CDs / vinyl, furniture in good condition, lighting","vêtements, livres/bd/cd/dvd, jouet, divers",47.077636,-1.282525,MieuxTrierANantes 01/2015,,OUI
24,stco_reemploi_arbres,Arbres,Association,Récupération de papier (même pour des volumes moyens),Recovered paper (even for average volumes),"105, Rue des Renards",,44300,NANTES,02 40 40 35 55,http://www.arbres44.org,arbresnord@wanadoo.fr,,,,"0101-3112_lu+ma+me+je_12h00-14h00,0101-3112_lu+ma+me+je_14h00-17h00,0101-3112_ve_09h00-12h30,0101-3112_ve_14h00-16h00",papier,paper,divers,47.260956,-1.570404,MieuxTrierANantes 01/15,"La boutique est ouverte :<br/>- tous les mercredis 9h à 13h et de 14h à 17h,<br/>- tous les vendredis matins 9h à 13h,<br/>- tous les 2èmes samedis du mois 10h à 17h",
25,stco_reemploi_alis44,ALIS44,Association,"Récupération, reconditionnement et distribution d'ordinateurs sous OS Linux","Recovery, reconditioning and distribution of computers underLinux OS",60 rue de la Bottière,,44300,NANTES,06.47.98.02.68,http://www.alis44.org,alis-asso@alis44.org,,,,"0101-3112_lu+ma+me+ve_09h00-12h00+14h00-18h00,0101-3112_je_10h00-12h00+14h00-16h30","ordinateur,écran,alis","computer,screen,alis",informatique,47.239259,-1.51986,MieuxTrierANantes 07/16,"Pendant la semaine, vous pouvez nous contacter ou nous rendre visite du lundi au vendredi, de 9h à 12h et de 14h à 18h excepté le jeudi de 10h à 12h et de 14h à 16h30.",OUI
26,stco_reemploi_baramel,Atelier Bar'Amel trajet,Association,Récupération de pain. Cette structure d'insertion (pilotée par l'association Trajet) fait travailler 32 personnes. Elle s'approvisionne auprès de 200 commerces qui fournissent les invendus. Le pain transformé est ensuite revendu pour être intégré à la nourriture pour animaux.,Recovery of bread. This insertion structure (controlled by the association Journey) is working 32 people. She stocks among 200 businesses that provide unsold. The transformed bread is then sold to be incorporated into the feed.,"9, Route de Brimberne",,44880,SAUTRON,02 51 78 64 62,http://www.asso-trajet.fr/baramel.php,atelier-baramel@asso-trajet.fr,,,,,pain,bread,divers,47.258053,-1.654222,MieuxTrierANantes 01/15,"Du lundi au vendredi, 9h-12h et 14h-18h",
27,stco_reemploi_ressourcerieile,La Ressourcerie de l'ïle,Association,"(Ancien nom : Ecorev)<br/>Réemploi d'objets de la vie courante : collecte en déchèterie et à domicile sur Nantes Métropole, et en apport volontaire à Rezé, puis revente à bas prix (mobilier, vaisselle, jouets, livres, vêtements, articles de loisirs, outillage...)<br/><br/>Quels objets peut-on donner/acheter ? Mobilier, jouet, puériculture, vaisselle, bibelot, cadre, livre, vêtement, linge de maison, outillage, jardinerie, vélo, luminaire, CD-DVD, jeux vidéos, literie, article de sport …. Ces objets du quotidien doivent être en état d'utilisation, propres, même s'ils présentent des dommages d'usure.<br/>Depuis janvier 2015 il est possible de déposer les petits appareils ménager (qui seront revendus en boutique) ou le gros électroménager (qui sera transmis à Envie44)<br/><br/>Dépôt d'objets : lundi-samedi de 9h30 à 17h (il n'y a plus de coupures le midi)<br/>Boutique solidaire : les mercredis et samedis de 9h30 à 17h30 (hors jours fériés)<br/>Util'o'Bus : 2ème mercredi du mois au Dervallières (9h-12h), 3ème mercredi du mois à La Bottière (14h-17h)","(Former name: Ecorev) <br/> Reuse of objects of everyday life collection and recycling center at home on Nantes Métropole, and voluntary contributions to Rezé then resell cheap (furniture, dishes, toys, books, clothing, leisure items, tools ...) <br/> What objects can we give / buy? Furniture, toy, baby, crockery, trinket, frame, book, clothing, linens, tools, gardening, cycling, lighting, CD-DVD, video games, bedding, sports equipment .... These everyday items must be in working order, clean, even if they have wear damage. <br/> Since January 2015 it is possible to deposit small household appliances (which will be sold in stores) or large appliances (which will be sent to Envie44) <br/> deposit of objects: Monday-Saturday from 9:30 am to 17h (there are more cuts noon) <br/> Boutique solidarity: Wednesdays and Saturdays from 9:30 to 17:30 (excluding holidays) <br/> Util'o'Bus: 2nd Wednesday of the month Dervallières (9h-12h), 3rd Wednesday of the month at La Bottière (14h-17h)",90 rue de la basse île,,44400,REZE,02 28 23 64 47,http://www.laressourceriedelile.com,contact@laressourceriedelile.com,,,,"0101-3112_lu+ma+me+je+ve+sa_09h30-17h00,0101-3112_me+sa_09h30-17h30,sauf_ferie","mobilier,meuble,jouet,puériculture,vaisselle,bibelot,cadre,livre,vêtement,linge de maison,outillage,jardinerie,vélo,luminaire,CD-DVD,jeux vidéos,literie,article de sport,électroménager,pull,pantalon,veste","furnishings, furniture, toy, baby, crockery, trinket, frame, book, clothing, linens, tools, gardening, cycling, lighting, CD-DVD, video games, bedding, sports equipment, household appliances, sweater, pants, jacket","meuble, livres/bd/cd/dvd, jouet, vêtements, divers",47.196638,-1.565745,MieuxTrierANantes 03/15,,OUI
28,stco_reemploi_emmaus,Emmaus Bouguenais,Association,"Meubles, appareils et ustensiles ménagers, literie, couverture, linge, lustres et luminaires, vêtements, livres, vaisselle...","Furniture, appliances and utensils, bedding, blankets, towels, chandeliers and lamps, clothes, books, crockery ...",La Guilloterie Rue d'Emmaus,,44430,BOUGENAIS,02 40 75 63 36,http://www.emmaus44.fr/Nantes/,contact@emmaus44.fr,,,,"0101-3112_lu+ma+me+je+ve+sa_08h30-11h30+14h00-17h30,sauf_ferie","électroménager,meuble,vêtement,livres,BD,CD,DVD,lit,linge,luste,lampe,vêtement,vaisselle,divers,jouet","électroménager,meuble,vêtement,livres,BD,CD,DVD,lit,linge,luste,lampe,vêtement,vaisselle,divers,jouet","meuble, livres/bd/cd/dvd, jouet, vêtements, divers",47.161667,-1.56069,MieuxTrierANantes 01/15,,OUI
29,stco_reemploi_lhommedebout,L'homme debout,Association,Récupération de meubles :<br/>chantier d'insertion réalisant le reconditionnement de meuble :<br/>Des meubles sont récupérés chez des particuliers qui souhaitent en faire don à l'association. Ceux-ci sont ensuite restaurer ou transformer au niveau du chantier puis redistribuer gratuitement à des personnes qui n'ont pas les moyens financiers pour acheter du mobilier. Les demandes de meubles se font dans ce cas sur demande écrite par l'intermédiaire de services sociaux.,Recovery furniture <br/> insertion site carrying the furniture reconditioning <br/> furniture is collected from individuals who wish to donate to the association. These are then restore or transform at the site and redistribute for free to people who do not have the financial means to buy the furniture. Furniture applications are in this case written request via social services.,"22, rue du Coutelier",,44800,SAINT-HERBLAIN,02 40 92 26 91,http://www.lhommedebout.com,lhommedebout@wanadoo.fr,,,,"0101-3112_ma+je_09h00-12h00+14h00-17h00,0101-3112_me_09h00-12h00",meuble,furniture,meuble,47.224091,-1.641401,MieuxTrierANantes 04/16,"Dépôts de meubles : les lundis, mardis et jeudis de 9h00 à 12h00 et de 14h00 à 17h00 ; Les mercredis de 9h00 à 12h00<br/>Pour effectuer un devis :Les mardis de 14h00 à 17h00, Les jeudis de 9h00 à 12h00",
30,stco_reemploi_relaisatlantique,Relais Atlantique,SCOP,"Centre de traitement des vêtements déposés dans les bornes Le Relais : récupération de vêtements, chaussures, linge.<br/>Le relais Atlantique a déménagé en octobre 2014. En 2014, cette SCOP de 17 salariés-sociétaires (50 % bénéfices aux sociétaires, 50% aux investissements) gère 300 tonnes de vêtements par mois, compte 14 camions et des fourgons.<br/><br/>Voir <a href='fiche:fiche_contvet'>Conteneurs de vêtements</a>","Processing center clothing deposited in the Le Relais terminals. Reclamation of clothes, shoes, linen <br/> Atlantic relay moved in October 2014. In 2014, this SCOP 17 employees-members (50% profits to members, 50% investment) manages 300 tonnes of clothing a month, has 14 trucks and vans. <br/> See <a href='fiche:fiche_contvet'> clothing containers </a>",26 rue Jan Palach,,44220,COUERON,02 28 03 18 57,http://www.lerelais.org,p.laforge@lerelais.org,,,,,"vêtement,linge, pull, pantalon, veste","clothing, linen, sweater, pants, jacket","vêtements, divers",47.222275,-1.643064,MieuxTrierANantes 07/16,"Dépots de meubles : les lundis, mardis et jeudis de 9h00 à 12h00 et de 14h00 à 17h00, Les mercredis de 9h00 à 12h00<br/>Pour effectuer un devis : Les mardis de 14h00 à 17h00, Les jeudis de 9h00 à 12h00",OUI
31,stco_reemploi_oserforetvivante,Oser forêt vivante,Association,"Cette association d'insertion vers l'emploi a parmi ces activités la collecte des déchets recyclables, pour les entreprises du sud de l'agglomération nantaise:<br/>Papiers, Cartons, Housses plastiques","This association insertion into employment of these activities the collection of recyclable waste for southern companies of Nantes <br/> Paper, Cards, Plastic Bags",12 rue Jean-Baptiste Vigier BP 60073,,44402,REZE,02 40 75 40 75,http://www.oser-foret-vivante.com,contact@oser-foret-vivante.com,,,,,"papier,carton,housse plastique","paper, cardboard, plastic cover",divers,47.190903,-1.545704,MieuxTrierANantes 01/15,,
32,stco_reemploi17,Papiers de l'espoir,Association,"Collecte de papiers usagés. L'association a pour objectif de financer des actions humanitaires éducatives à partir d'un geste écologique, le tri du papier.<br/>En 2010, l'activité de Papiers de l'Espoir (70 kms environ autour de Nantes) de participer et d'aider à la scolarisation de 7 000 enfants.","Collecting used paper. The association aims to finance educational humanitarian actions from an environmental gesture, sorting the paper. <br/> In 2010, the paper activity of Hope (70 kms around Nantes) of participate and assist in the education of 7,000 children.",29 Rue Maladrie,,44120,VERTOU,02 40 34 29 24 ou 06 75 67 98 02 ou 06 37 27 14 22 (St-Nazaire),http://www.lespapiersdelespoir.fr,papiersdelespoir@free.fr,,,,,papier,paper,divers,47.1842788,-1.4852487,MieuxTrierANantes 01/15,,
33,stco_reemploi_trisactifsouest,TRIS Actif Ouest,Association,"Créée par l'association Actif Ouest, cette entreprise d'insertion est spécialisées dans la <br/>- rénovation de micro-ordinateurs réformés et leur revente avec garantie,<br/>- démantèlement assuré par l'atelier d'insertion pour le matériel ‘obsolète' ou en panne.<br/><br/>C'est un lieu de dépôt des Déchets d'équipement électrique et électronique (D3E).<br/>Tri Actif Ouest est labellisé Ordi2.0 (filière nationale de collecte, rénovation est réemploi des ordinateurs).<br/><br/>C'est également un lieu de vente d'ordinateurs fixes ou portables (avec garantie), de dépannage et de vente de pièces détachées.","Created by the association Western Asset, the insertion company is specialized in <br/> - Renovation reformed microcomputers and resale with warranty, <br/> - dismantling provided by the insertion workshop for material 'obsolete' or down. <br/> It is a repository of electrical and electronic equipment waste (D3E). <br/> Tri Active West is labeled Ordi2.0 (national chain collection, renovation is reuse of computers). <br/> It is also a place of sale of fixed or portable computers (with warranty), troubleshooting and parts sales.",6 rue des piliers de la Chauviniére,,44800,SAINT-HERBLAIN,02 51 80 05 38,http://www.actifouest.fr,tris-actif-ouest@orange.fr,,,,"0101-3112_lu+je_14h00-18h00,0101-3112_ma+me+ve_09h00-12h30+14h00-18h00,","ordi,ordinateur,pc,portable,souris,écran,clavier,cable,cartouche,tuner,magnetoscope","computer, computer, pc, laptop","Créée par l'association Actif Ouest, cette entreprise d'insertion (5 personnes) est spécialisée dans la <br/>- rénovation de micro-ordinateurs réformés et leurs reventes avec garantie (6 mois),<br/>- démantèlement assuré par l'atelier d'insertion pour le matériel ‘obsolète' ou en panne.<br/><br/>C'est un lieu de dépôt des Déchets d'équipement électrique et électronique (D3E).<br/><br/><br/>C'est également un lieu de vente d'ordinateurs fixes ou portables (avec garantie), de dépannage et de vente de pièces détachées.",47.230689,-1.633349,Entretien TriActifOuest / MieuxTrierANantes 03/16,"Lundi et jeudi : de 14h00 à 18h00, mardi, mercredi, vendredi de 9h00 à 12h30 et 14h00 à 18h00.",OUI
34,stco_reemploi_lesmarchandsdesable,Les Marchands de SABLE,Association,"Créations d'aménagements intérieurs à partir de matériaux de réemploi.<br/>Scénographie Architecture Bâti Lieux Expérimentaux. Notre travail trouve son application dans la création d'installation urbaines et constructions temporaires <b>à base d'objets récupérés</b>.<br/>Ils recherchent surtout du mobilier, du bois (mais de préférence du dois brut et pas de l'aggloméré) et des structures métalliques.","Interior design creations from reused materials. <br/> Set Design Architecture Built Experimental Places. Our work is used in the creation of urban installation and temporary constructions <b> recovered object-based </ b>. <br/> They look especially furniture, wood (but preferably do not gross chipboard) and metal structures.",18 quai du président Wilson,,44200,NANTES,06 81 67 42 06,http://marchandsdesable.free.fr,lesmarchandsdesable@gmail.com,, https://www.facebook.com/lmds123,,,"meuble,bois,structure métallique","furniture,wood,metal structure",meuble,47.200229,-1.561791,"Envoyé par mail à mieuxtrieranantes@gmail.com, le 30/05/206",Sur rendez-vous,OUI
35,stco_reemploi_dingfring_reze,DING-FRING Rezé,SCOP,"Les boutiques 'Ding Fring' proposent certains des vêtements déposés dans les bornes Le Relais.<br/>Un quart du stock renouvelé toutes les semaines.<br/>Il y en 7 en Loire-Atlantique, dont 4 sur Nantes Métropole.<br/>Vente au détail à partir de 4€60. Uniquement ouvert aux particuliers.","The shops 'Ding Fring' offer some clothes deposited in the Le Relais terminals. <br/> A quarter of the stock renewed every week. There <br/> 7 in Loire-Atlantique, 4 Nantes Métropole. < br /> Sale kilo from 7 € 50.",75 Rue de la Commune de 1871,,44400,REZE,02 51 70 28 35,http://www.lerelais.org/aussi.php?page=ding_fring,,,,,"0101-3112_lu+ma+me+je+ve_10h00-12h30+14h30-18h45,0101-3112_sa_10h00-12h30+14h30-18h15","vêtement,linge,pull,pantalon,veste,chaussette,chemisier,Tshirt,chaussure,couverture,drap,couette,layette,boy,sous-vêtement","clothing, linen, sweater, pants, jacket",vêtements,47.1879293,-1.5515172,Entretien LeRelaisAtlantique / MieuxTrierANantes 04/16,Du lundi au vendredi de 10h à 12h30 et de 14h30 à 18h45. Le samedi de 10h à 12h30 et de 14h30 à 18h15.,OUI
36,stco_reemploi_dingfring_palaiscongres,DING-FRING Palais des Congrès,SCOP,"Les boutiques 'Ding Fring' proposent certains des vêtements déposés dans les bornes Le Relais.<br/>Un quart du stock renouvelé toutes les semaines.<br/>Il y en 7 en Loire-Atlantique, dont 4 sur Nantes Métropole.<br/>Vente au détail à partir de 4€60. Uniquement ouvert aux particuliers.","The shops 'Ding Fring' offer some clothes deposited in the Le Relais terminals. <br/> A quarter of the stock renewed every week. There <br/> 7 in Loire-Atlantique, 4 Nantes Métropole. < br /> Sale kilo from 7 € 50.",32 rue Fourré,,44200,NANTES,02 40 75 46 91,http://www.lerelais.org/aussi.php?page=ding_fring,,,,,"0101-3112_lu+ma+me+je+ve_10h00-18h45,0101-3112_sa_10h00-18h15","vêtement,linge,pull,pantalon,veste,chaussette,chemisier,Tshirt,chaussure,couverture,drap,couette,layette,boy,sous-vêtement","clothing, linen, sweater, pants, jacket",vêtements,47.2119882,-1.5468354,Entretien LeRelaisAtlantique / MieuxTrierANantes 04/16,Du lundi au vendredi de 10h à 18h45. Le samedi de 10h à 18h15.,OUI
37,stco_reemploi_dingfring_chantiernaval,DING-FRING Chantier Navals,SCOP,"Les boutiques 'Ding Fring' proposent certains des vêtements déposés dans les bornes Le Relais.<br/>Un quart du stock renouvelé toutes les semaines.<br/>Il y en 7 en Loire-Atlantique, dont 4 sur Nantes Métropole.<br/>Vente au détail à partir de 4€60. Uniquement ouvert aux particuliers.","The shops 'Ding Fring' offer some clothes deposited in the Le Relais terminals. <br/> A quarter of the stock renewed every week. There <br/> 7 in Loire-Atlantique, 4 Nantes Métropole. < br /> Sale kilo from 7 € 50.",5 rue Charles Brunelière,,44200,NANTES,02 40 69 13 89,http://www.lerelais.org/aussi.php?page=ding_fring,,,,,"0101-3112_lu+ma+me+je+ve_10h00-18h45,0101-3112_sa_10h00-18h15","vêtement,linge,pull,pantalon,veste,chaussette,chemisier,Tshirt,chaussure,couverture,drap,couette,layette,boy,sous-vêtement","clothing, linen, sweater, pants, jacket",vêtements,47.2092982,-1.5692261,Entretien LeRelaisAtlantique / MieuxTrierANantes 04/16,Du lundi au vendredi de 10h à 18h45. Le samedi de 10h à 18h15.,OUI
38,stco_reemploi_dingfring_erdre,DING-FRING Nantes Erdre Grand Clos,SCOP,"Les boutiques 'Ding Fring' proposent certains des vêtements déposés dans les bornes Le Relais.<br/>Un quart du stock renouvelé toutes les semaines.<br/>Il y en 7 en Loire-Atlantique, dont 4 sur Nantes Métropole.<br/>Vente au détail à partir de 4€60. Uniquement ouvert aux particuliers.","The shops 'Ding Fring' offer some clothes deposited in the Le Relais terminals. <br/> A quarter of the stock renewed every week. There <br/> 7 in Loire-Atlantique, 4 Nantes Métropole. < br /> Sale kilo from 7 € 50.",15 rue des Marsauderies,,44000,NANTES,02 40 20 87 11,http://www.lerelais.org/aussi.php?page=ding_fring,,,,,"0101-3112_lu+ma+me+je+ve_10h00-18h45,0101-3112_sa_10h00-18h15","vêtement,linge,pull,pantalon,veste,chaussette,chemisier,Tshirt,chaussure,couverture,drap,couette,layette,boy,sous-vêtement","clothing, linen, sweater, pants, jacket",vêtements,47.2414082,-1.5318757,Entretien LeRelaisAtlantique / MieuxTrierANantes 04/16,Du lundi au vendredi de 10h à 18h45. Le samedi de 10h à 18h15.,OUI
39,stco_reemploi_envie44,Envie 44 Saint Herblain,Association,"Récupération et vente d'électroménager <br/>Créés par des membres d'Emmaûs, Envie regroupe désormais 50 entreprises, dont 2 en Loire Atlantique (Saint-Nazaire et Saint-Herblain), ce qui représente 90 salariés dans le département.<br/><br/>C'est un lieu de dépôt des Déchets d'équipement électrique et électronique (D3E).<br/>Les particuliers peuvent déposer en déchèteries ou directement chez Envie 44.<br/><br/>C'est également un magasin qui présente les appareils électroménagers à prix abordables.","Recovery and sale of appliances <br/>Created by members of Emmaus, want now comprises 50 companies, including 2 in Loire Atlantique (Saint-Nazaire and St. Herblain), which represents 90 employees in the department. <br/> It is a repository of electrical and electronic equipment waste (D3E). Individuals can drop <br/> in waste collection centers or directly at Envie <br/> 44. It is also a store that has appliances at affordable prices.",18 rue Bobby Sands,,44800,SAINT-HERBLAIN,02 40 43 21 11,http://www.envie-44.org/nos-magasins/nantes-st-herblain.html,magasin44sth@envie.org,,,,0101-3112_lu+ma+me+je+ve+sa_12h00-14h00+14h00-19h00,"électroménager,réfrigérateur,télévision,lave-vaisselle,congélateur,envie44","appliances, refrigerator, television, dishwasher, freezer, envie44",électroménager,47.233582,-1.652637,MieuxTrierANantes 01/15,Du lundi au vendredi de 10h à 19h00 et le samedi de 10h à 12h et de 14h à 18h30,OUI
40,stco_reemploi_orthopedie,Orthopédie sans Frontières,Association,"Récupération de matériels pour chambre d'hôpital, fauteuils roulant, lunettes, appareils auditifs<br/><br/>Collecter, réparer et distribuer vers les plus démunis et en particulier dans les pays du sud en voie de développement des matériels, médicaux, paramédicaux et orthopédiques collectés dans les cliniques, hopitaux, centre des personnes agées ou handicapés et aussi les particuliers.<br/><br/>Lieu de collecte : La Métairie, 44800 Saint Herblain","Recovery of materials for hospital room, wheelchairs, eyeglasses, hearing aids <br/> collect, repair and distribute to the poor, particularly in the southern developing hardware, medical, paramedical and orthopedic collected in clinics, hospitals, center for elderly and disabled as well as individuals <br/> Place collection. La Metairie, 44800 Saint Herblain",La Métairie,,44800,SAINT-HERBLAIN,06.83.45.78.96,http://www.osfafrique.org,,,,,0101-3112_je_09h00-12h00+14h00-17h30,"lunette,auditif,fauteuil roulant","glasses, hearing, wheelchair",divers,47.229244,-1.661669,MieuxTrierANantes 01/15,Du lundi au samedi de 10h à 13h et de 14h à 19h,
41,stco_reemploi_frat,Véti Frat - La Fraternité,Association,"Les petits frères des Pauvres accompagnent des personnes – en priorité de plus de cinquante ans - souffrant d'isolement, de pauvreté, de maladie, d'exclusions.<br/><br/><i>je dépose mes fringues que je ne mets plus et où j'en achète d'autres pour un, deux ou cinq euros (5 euros c'est pour les ensembles)...En face de la fripe, il y a la brocante où l'on achète des livres, des verres, des vieux sacs à dos tachés, des vases magnifiques pour pas un rond… aucune logique en relation avec les monde extérieur à la frat. Le livre vaut 50 Cts d'euros qu'il soit de 1700 ou de 1999.</i>","The Little Brothers escort individuals - primarily over fifty years. - With isolation, poverty, sickness, exclusions <br/> <i> I lay my clothes that I put more and where I bought some for one, two or five euros (5 euros is for sets) ... In front of the crumples, there is the flea market where we buy books, glasses, old stained bags back, wonderful vases for a round ... not any logic in relation to the world outside the frat. The book is worth 50 euros Cts whether of 1700 or 1999. </ I>","3, rue Amiral Du Chaffault",,44100,NANTES,02 40 69 37 63,http://www.petitsfreres.asso.fr/nos-implantations/44016-01-fraternite-de-nantes.html,ecoutedelarue@orange.fr,,,,"0101-3112_ma+me+je+ve_14h00-17h30,0101-3112_sa_10h00-12h15","électroménager, livres/BD/CD/DVD, jouet, meuble, vêtements, divers","appliances, books / BD / CD / DVD, toy, furniture, clothing, miscellaneous",divers,47.2097351,-1.5801384,MieuxTrierANantes 01/15,Le jeudi de 9h à 12h et de 14h à 17h30 ,
42,stco_reemploi_secourspop,Secours populaire,Association,"Récupération de vêtements, meubles, électroménagers","Recovery of clothing, furniture, appliances",163 Rue Paul Bellamy,,44000,NANTES,02 40 74 14 14,https://www.secourspopulaire.fr/44/,contact@spf44.org,,,,"0101-3112_lu+ma+me+je+ve_08h30-12h30+13h30-17h30,0101-3112_lu+ma+me+je+ve_08h30-12h30+13h30-17h00","vêtement,meuble,électroménager","clothing, furniture, appliances","meuble, vêtements, électroménager",47.227348,-1.560953,MieuxTrierANantes 01/15,"du mardi au vendredi de 14h à 17h30, Le samedi de 10h à 12h15",
43,stco_reemploi_croixrougevesti,La Croix Rouge / Vestiboutique,Association,"Récupération et distribution de vêtements, livres, jouets, vaisselle, linge de maison, bibelots","Recovery and distribution of clothes, books, toys, dishes, knickknacks",10 rue d’Athènes,,44300,NANTES,02 51 89 10 70,www.croix-rouge.fr,ul.nantes@croix-rouge.fr,,,,"0101-3112_ma+je_09h30-12h00,0101-3112_ma+je_14h00-17h00","vêtement,livre,jouet,vaisselle,bibelot,linge,sac,chaussure","clothing,books,toys,crockery,trinket,bag,shoes","vêtements, livres/bd/cd/dvd, jouet, divers",47.249728,-1.504440,Mail envoyé par Croix Rouge le 22/04/16.,Ouvert les mardis et jeudis de 9h30 à 12h00 et de 14h à 17h et le premier samedi matin de chaque mois de 9h à 12h30,OUI
44,stco_reemploi_croixrougememble,"La Croix Rouge / Meubles,bibelots",Association,"Ventes de meubles, petits meubles, meubles de bureau, luminaire, canapé, literie, meubles de cuisine, petit et gros électroménager, articles de décoration. À petits prix.","Sales of furniture, small furniture, office furniture, lighting, sofa, beds, kitchen furniture, small and large appliances, decorative items. At low prices.",10 rue d’Athènes,,44300,NANTES,02 51 89 47 62,www.croix-rouge.fr,ul.nantes@croix-rouge.fr,,,,0101-3112_ve_14h00-17h00,"meuble,luminaire,canapé,literie,électroménager,décoration","furniture,lighting,sofa,bedding,appliance,decorative","meuble, vêtements, livres/bd/cd/dvd, jouet, divers",47.249728,-1.504440,Mail envoyé par Croix Rouge le 22/04/16., Ouvert les mardis et jeudis de 14h à 17h,OUI
45,stco_reemploi_nantesecologie_chateau,Nantes Ecologie L'Air Livre (château Nantes),Association,"Récupération de livres, revues, BD","Recovery of books, magazines, comics",3 bis rue Prémion,,44015,NANTES,02 40 47 18 27 (public) / 02 51 82 05 41 (bureau),http://nantesecologie.free.fr,nantes.ecologie@free.fr,,,,0101-3112_lu+ma+me+je+ve_09h00-13h00+14h30-18h30,"livre,revue,BD","book, magazine, Comics",livres/bd/cd/dvd,47.217117,-1.548943,MieuxTrierANantes 01/15,Vendredi de 14 h à 17 h,OUI
46,stco_reemploi_nantesecologie_cite,Nantes Ecologie L'Air Livre (Cité des Congrès Nantes),Association,"Récupération de livres, revues, BD et de manuels scolaires","Recovery of books, magazines, comics and textbooks",6 rue Monteil,,44000,NANTES,02 51 82 78 30,http://nantesecologie.free.fr,nantes.ecologie@free.fr,,,,0101-3112_ve_09h00-13h00,"livre,revue,BD,manuel,scolaire","Book, magazine, comic, manual, school",livres/bd/cd/dvd,47.213765,-1.5484173,MieuxTrierANantes 01/15,"Récupération de livres, revues, BD et de manuels scolaires<br/><br/>- au 3 bis rue Prémion : vente de livres tous publics (tarifs très modérés)<br/>- 6 rue Monteil (équipement de livres et ventes) - uniquement le vendredi matin.",OUI
47,stco_reemploi_arcade,ARCADE,Association,Récupération de matériels divers pour le tiers monde,Recovery of various materials for the Third World,10 rue Stévin,,44700,ORVAULT,02 40 63 74 20,http://www.arcade44-benin.com/,arcade.orv@libertysurf.fr,,,,0101-3112_ma_10h00-12h00,,,divers,47.259354,-1.633449,DeuxiemeVie 03/14,"Récupération de livres, revues, BD et de manuels scolaires<br/><br/>- au 3 bis rue Prémion : vente de livres tous publics (tarifs très modérés)<br/>- 6 rue Monteil (équipement de livres et ventes) - uniquement le vendredi matin.",EN_COURS
48,stco_reemploi_bouchonamour,Bouchon d'Amour,Association,Récupération de bouchons plastiques,Recovery of plastics caps,Stockage : Château d'eau du MIN de Nantes,,44200,NANTES,02 40 86 57 29,http://bouchonsdamour-r3.over-blog.com/,bouchonsdamournantes@gmail.com,,,,0101-3112_lu+je_13h30-15h30,bouchon,cork,divers,47.201511,-1.550624,MieuxTrierANantes 01/15,Le mardi de 10h à 12 h.,OUI
49,stco_reemploi_traitdunion,TRAIT D'UNION,Entreprise,"Entreprise d'Insertion SAS (lauréate en 2011 Entreprise Responsabilité Globale) L'entreprise TRAIT D'UNION est spécialisée dans la collecte des produits valorisables (Déchets électriques et electroniques, piles, batterie, encombrants, mobiliers, bois , métaux, plastiques, CD, DVD, archives, cartons, ....). Elle effectue également, auprès des particuliers et des entreprises, des prestations de débarras et de déménagement.","Company (winner in 2011 Business Global Responsibility) The company HYPHEN specializes in colelcte reusable products (electrical and electronic waste, batteries, battery, bulky, furniture, wood, metals, plastics, CDs, DVDs, records, cartons, ....). It also performs, from individuals and companies, storage and relocation services.",54 rue Robert Schuman,,44800,SAINT-HERBLAIN,02 40 86 04 81 ou 06 67 23 03 95,www.trait-union.net,c.delsaux@trait-union.net,,www.facebook.com/Trait-dUnion-Collecte-et-Distribution ,,0101-3112_lu+ma+me+je+ve_08h00-17h00,"mobilier,cartouche,impression,électrique,électronique,cd,dvd,pile,batterie,gobelet,papier,carton,métal,film","furniture, cartridge, impression, electric, electronic, cd, DVD, pile, battery, tumbler, paper, cardboard, metal",divers,47.199656,-1.624346,Rencontre TraitDUnion et MieuxTrierANantes 04/2016,Du lundi au jeudi de 8h00 à 17h00 sur RDV,OUI
50,stco_reemploi_ecophone44,Ecophone 44,Entreprise,Ouverture d'une boutique Ecophone 44 au 2 rue Deurbroucq à Nantes. 2 entreprises : Ecophone 44 et SAFETY PC 44 et nous récupérons les téléphones et les ordinateurs hors d'usage.,Ecophone opening a boutique at 44 rue Deurbroucq 2 in Nantes. 2 companies: PC SAFETY Ecophone 44 and 44 and we get the phones and computers unusable.,2 rue Deurbroucq,,44000,NANTES,02 52 10 37 71,http://www.ecophone44.com,ecophone44@sfr.fr,,,,0101-3112_lu+ma+me+je+ve+sa_10h00-18h30,"téléphone,ordinateur","phone, computer","informatique, divers",47.209536,-1.558127,DeuxiemeVie 03/14,,EN_COURS
51,stco_reemploi_leverleencre,LEVER L'ENCRE,Entreprise,Recharge de cartouche d'imprimante et remanufacturation de toner,Printer cartridge refill and toner remanufacturing,29 route du Chêne Vert,,44470,THOUARE SUR LOIRE ,,http://www.leverlencre.fr,contact@leverlencre.fr,,,,,"cartouche,toner,jet,encre","cartridges, toner",cartouches encre/tuners,47.286079,-1.439917,Mail reçu par MieuxTrierANantes 04/2016,du lundi au samedi de 10h à 18h30,OUI
52,stco_reemploi_oceencre,OCE'ENCRE,Entreprise,Recharge de cartouche d'imprimante,Printer cartridge refill,7 place Bourse,,44000,NANTES,02 51 88 98 65,http://www.oceencre.com,oce.encreboutique@free.fr,,,,"0101-3112_lu_14h00-19h00,0101-3112_ma+me+je+ve_10h00-13h00+14h00-19h00,0101-3112_sa_10h00-13h00+14h00-18h00",cartouche,cartridge,cartouches encre/tuners,47.2125716,-1.5591834,DeuxiemeVie 03/14,"Ouvert le Lundi de 14h à  19h, du Mardi au Vendredi de 9h30 à  12h30 et de 14h à  19h et le samedi de 10h à  12h30 et de 14h à  17h",EN_COURS
53,stco_reemploi_pointencre,Point Encre Et Toner,Entreprise,Recharge de cartouche d'imprimante et remanufacturation de toner,Printer cartridge refill and toner remanufacturing,13 Rue de l'Hotel de Ville,,44000,NANTES,02 40 35 64 29,,contact.nantes@economax.fr,,,,"0101-3112_lu_13h00-19h00,0101-3112_ma+me+je+ve_08h300-12h45,0101-3112_ma+me+je+ve_13h45-19h00,0101-3112_sa_14h00-19h00","cartouche,toner","cartridges, toner",cartouches encre/tuners,47.217781,-1.556319,DeuxiemeVie 03/14,"Ouvert le Lundi de 14h à  19h, du Mardi au Vendredi de 10h à  13h et de 14h à  19h et le samedi de 10h à  13h et de 14h à  18h",
54,stco_reemploi_action44_reze,Action cancer 44 (Rezé),Association,"L'association Actions Cancer 44 réalisent plusieurs actions qui lui permettent de donner de l'argent contre le cancer. En particulier ils récupèrent les bouchons de liège. Plusieurs particuliers récupèrent à leurs domiciles ces bouchons (et en général ils vont en chercher dans les restaurants proches).Sur la région nantaise il existe une personne à Rezé et une personne à La Chapelle Sur Erdre. <br/><br/>Les bouchons doivent être déposés dans des sacs plastiques devant leurs domiciles. Ils sont ensuite regroupés, puis envoyés au siège de l'association à La Baule. Ils sont recyclés par une entreprise spécialisée et la somme récupérée est envoyée pour le centre anti-cancéreux de l'Hôpital Gauducheau (10 000 euros en 2010).",The association Actions <br/> 44 Cancer realize several actions that enable it to give money against cancer. In particular they recover corks. Several individuals recover in their homes these plugs (and usually they will seek in nearby restaurants) .On the Nantes region there is a person in Rezé and one in La Chapelle Sur Erdre. <br/> caps must be placed in plastic bags outside their homes. They are then grouped together and sent to the association's headquarters in La Baule. They are recycled by a specialized company and the sum recovered is sent for anti-cancer Center Hospital Gauducheau (10 000 in 2010).,15 avenue de l'Esterel,,44000,REZE,02.40.75.35.96,,,,,,,bouchons de liège,Corks,divers,47.177256,-1.551247,MieuxTrierANantes 01/15,Ouvert le lundi de 13h à 19h ; du mardi au vendredi de 9h à 12h45 et de 13h45 à 19h ; le samedi de 14h à 19h.,OUI
55,stco_reemploi_action44_lachap,Action cancer 44 (La Chapelle Sur Erdre),Association,"L'association Actions Cancer 44 réalisent plusieurs actions qui lui permettent de donner de l'argent contre le cancer. En particulier ils récupèrent les bouchons de liège. Plusieurs particuliers récupèrent à leurs domiciles ces bouchons (et en général ils vont en chercher dans les restaurants proches).Sur la région nantaise il existe une personne à Rezé et une personne à La Chapelle Sur Erdre. <br/><br/>Les bouchons doivent être déposés dans des sacs plastiques devant leurs domiciles. Ils sont ensuite regroupés, puis envoyés au siège de l'association à La Baule. Ils sont recyclés par une entreprise spécialisée et la somme récupérée est envoyée pour le centre anti-cancéreux de l'Hôpital Gauducheau (10 000 euros en 2010).",The association Actions <br/> 44 Cancer realize several actions that enable it to give money against cancer. In particular they recover corks. Several individuals recover in their homes these plugs (and usually they will seek in nearby restaurants) .On the Nantes region there is a person in Rezé and one in La Chapelle Sur Erdre. <br/> caps must be placed in plastic bags outside their homes. They are then grouped together and sent to the association's headquarters in La Baule. They are recycled by a specialized company and the sum recovered is sent for anti-cancer Center Hospital Gauducheau (10 000 in 2010).,52 rue du Château-d'Eau,,44240,LA CHAPELLE SUR ERDRE,02 40 77 81 17,,,,,,,bouchons de liège,Corks,divers,47.278727,-1.554889,MieuxTrierANantes 01/15,Tous les jours,
56,stco_reemploi_recupfer,RECUPFER44,Entreprise,"Récupération de ferraille, métaux, électroménager, voiture, camion, bateau, engins agricole... Déplacement à domicile dans toute la loire-atlantique.","Recovering scrap metal, appliances, car, truck, boat, farm equipment ... Home visit across the Atlantic-Loire.",1 résidence du parc,,44400,REZE,06 38 39 72 78,<a href='http://www.recupfer44.com' target='_blank' >www.recupfer44.com</a>,,,,,0101-3112_lu+ma+me+je+ve+sa_08h00-20h00,"ferraille,métal,électroménager","scrap metal, appliances","électroménager, divers",47.1819242,-1.5324433,DeuxiemeVie 03/14,Tous les jours,PAS fiable
57,stco_reemploi_studentsshop,Students' shop,Association,"Tout ce dont un étudiant a vraiment besoin : T-shirts à 2 €, des jean's à 4 €, mais également des dictionnaires, des cahiers, de la vaisselle, des couettes et des oreillers..., mais aussi des articles comme les balais, les corbeilles à papier, les pelles à ordures pour 1 €.","All which a student really needs: T-shirts in 2 €, of jean in 4 €, but also dictionaries, exercise books, the dishes(crockery), braids and pillows, but also articles as brooms, wastebaskets, dustpans for 1 €","Cité universitaire Launay-violette, chemin de Launay-Violette (près du Petit-Port)",,44322,NANTES,,http://studentsshop44.blogspot.fr/,studentsshop44@hotmail.com,,,,"0101-3112_me_17h00-20h00,0101-3112_sa_14h00-18h00",,"T-shirt, jeans, dictionary, exercise book, dishes(crockery), knife, plate, glass, fork(range), braid, pillow, brooms, basket, shovel","vêtements, livres/bd/cd/dvd, divers",47.249936,-1.558263,MieuxTrierANantes 10/15,Du lundi au samedi de 8 heures à 20 heures.,OUI
58,stco_reemploi_happycash,HappyCash (Nantes Centre),Entreprise,,,3 Rue du Chapeau Rouge,,44000,NANTES,02 40 84 00 93,http://www.happycash.fr/magasin/nantes_centre,,,,,"0101-3112_lu_14h00-18h30,0101-3112_ma+me+je+ve+sa_10h00-13h00+14h00-18h30",,,"téléphone, mobile, smartphone, ordinateur, portable",47.214911,-1.55997,MieuxTrierANantes 08/15,"Lundi 14h00 - 19h00, Mardi au Samedi 10h00 - 13h00 / 14h00 - 19h00. Fermeture salle achats 18h30",
59,stco_reemploi_boutique_dervallieres,Boutique solidaire aux Dervallières,Association,"On y trouve des objets divers. Le collectif d’associations du quartier nantais 'Le Ressort', à l’origine du projet, il s’agit à la fois de rendre service aux familles à petit budget, et de sensibiliser au réemploi des objets qui ne servent plus.","We find diverse objects there. The collective of associations of the district of Nantes ' The Ressort', at the origin of the project, it is a question at the same time of doing a service to the low-budget families, and of making sensitive in the re-use of the objects which do not serve any more.", 7 Place des Dervallières,,44100,NANTES,02 40 43 92 97,,,,,,0101-3112_me_10h00-12h30+14h00-16h00,,,,47.223792,-1.597403,MieuxTrierANantes 07/16,"ouvert au public, tous les mercredis, de 10 h à 12 h 30 et de 14 h à 16 h. Quant au service-bricolage, il fonctionne de façon continue.",
