"nom";"categorie";"equipement";"statut";"lieu";"date";"annee";"lat";"lon";"image";"page"
"Vieux Pin Sec";"Composteur sur des jardins collectifs";"Pavillon 1,5 m3";"En service";"Doulon - Bottière";"29-11-2017";"2017";"47.243253";"-1.521373";"http://www.compostri.fr/wp-includes/images/media/default.png";"http://www.compostri.fr/compost/vieux-pin-sec/"
"Les Perrières 2";"Composteur ouvert au quartier";"Silos 2x2.5m3";"En service";"La Chapelle-sur-Erdre";"18-11-2017";"2017";"47.309948";"-1.546675";"http://www.compostri.fr/wp-content/uploads/2018/01/Les-Perrieres-2-150x150.jpg";"http://www.compostri.fr/compost/les-perrieres-2/"
"Pirotterie";"Composteur ouvert au quartier";"Silos 2x1m3";"En service";"Rezé";"19-10-2017";"2017";"47.167581";"-1.555285";"http://www.compostri.fr/wp-content/uploads/2018/01/Pirotterie-1-150x150.jpg";"http://www.compostri.fr/compost/pirotterie/"
"Résidence des Isles";"Composteur en résidence - copropriété";"Pavillon 1,5 m3";"En service";"Saint-Sébastien-sur-Loire";"09-12-2017";"2017";"47.210332";"-1.494847";"http://www.compostri.fr/wp-includes/images/media/default.png";"http://www.compostri.fr/compost/residence-des-isles/"
"Le Keraban";"Composteur ouvert au quartier";"Silos 2x1m3";"En service";"Sautron";"17-11-2017";"2017";"47.261302";"-1.667825";"http://www.compostri.fr/wp-includes/images/media/default.png";"http://www.compostri.fr/compost/le-keraban/"
"Croix Jeannette";"Composteur ouvert au quartier";"Silos 2x1m3";"En service";"Bouguenais";"18-11-2017";"2017";"47.172592";"-1.620849";"http://www.compostri.fr/wp-content/uploads/2017/12/20171109_175049-150x150.jpg";"http://www.compostri.fr/compost/croix-jeannette/"
"Chemin Poisson / ASL Armor";"Composteur ouvert au quartier";"Pavillon 1,5 m3";"En service";"Bellevue - Chantenay - Sainte-Anne";"14-10-2017";"2017";"47.198847";"-1.591149";"http://www.compostri.fr/wp-content/uploads/2017/10/20171014_123053-150x150.jpg";"http://www.compostri.fr/compost/chemin-poisson-asl-armor/"
"Les Courtils";"Composteur en résidence - copropriété";"Silos 2x1m3";"En service";"Bellevue - Chantenay - Sainte-Anne";"29-09-2017";"2017";"47.200183";"-1.593530";"http://www.compostri.fr/wp-content/uploads/2017/10/Les-courtils-150x150.jpg";"http://www.compostri.fr/compost/les-courtils/"
"Anne de Bretagne";"Composteur en résidence - copropriété";"Silos 2x1m3";"En service";"Fay de Bretagne";"09-09-2017";"2017";"47.415671";" -1.789367";"http://www.compostri.fr/wp-content/uploads/2017/09/FAY-de-BRETAGNE-150x150.jpg";"http://www.compostri.fr/compost/anne-de-bretagne/"
"Les Halliers";"Composteur ouvert au quartier";"Silos 2x1m3";"En service";"Nantes Sud";"07-09-2017";"2017";"47.187421";"-1.512435";"http://www.compostri.fr/wp-content/uploads/2017/09/Ouest-France-Composteur-12.09.2017-150x150.jpg";"http://www.compostri.fr/compost/les-halliers/"
"ComPOTsteur";"Composteur ouvert au quartier";"Silos 2x1m3";"En service";"Malakoff - Saint-Donatien";"01-07-2017";"2017";"47.2206864";"-1.5449958";"http://www.compostri.fr/wp-content/uploads/2017/08/ComPOTsteur-1-150x150.jpg";"http://www.compostri.fr/compost/compotsteur/"
"Graine de Cosmos";"Composteur Pédagogique en établissement scolaire";"Silos 2x1m3";"En service";"Nantes Sud";"";"2016";"47.1926226";"-1.5342211";"http://www.compostri.fr/wp-content/uploads/2017/09/20170906_154122-1-e1504794710150-150x150.jpg";"http://www.compostri.fr/compost/graine-de-cosmos/"
"Les Lacs";"Composteur en résidence - copropriété";"Silos 2x1m3";"En service";"Breil - Barberie";"16-09-2017";"2017";"47.241934";"-1.576426";"http://www.compostri.fr/wp-content/uploads/2017/08/20170822_171433-150x150.jpg";"http://www.compostri.fr/compost/residence-les-lacs/"
"Galilée";"Composteur en résidence - copropriété";"Pavillon 1,5 m3";"En service";"Bellevue - Chantenay - Sainte-Anne";"06-07-2017";"2017";"47.205921";"-1.5862689";"http://www.compostri.fr/wp-content/uploads/2017/07/Galilee-150x150.jpg";"http://www.compostri.fr/compost/galilee/"
"Les Aqueducs / Aux Carrières de Villeneuve";"Composteur en résidence - copropriété";"Silos 2x1m3";"En service";"Dervallières - Zola";"02-06-2017";"2017";"47.2154726";"-1.5943566";"http://www.compostri.fr/wp-content/uploads/2017/06/Composteur-les-6-Aqueducs-150x150.jpg";"http://www.compostri.fr/compost/les-aqueducs/"
"Square Prinquiau";"Composteur ouvert au quartier";"Silos 2x1m3";"En service";"Dervallières - Zola";"16-05-2017";"2017";"47.2121624";"-1.5891491";"http://www.compostri.fr/wp-content/uploads/2017/06/Square-prinquiau-150x150.jpg";"http://www.compostri.fr/compost/square-prinquiau/"
"Le trait d&rsquo;oignon";"Composteur ouvert au quartier";"Silos 2x1m3";"En service";"Nantes Nord";"13-05-2017";"2017";"47.269760";"-1.521857";"http://www.compostri.fr/wp-content/uploads/2017/05/TraitDoignon-150x150.jpg";"http://www.compostri.fr/compost/le-trait-doignon/"
"Parc de la Moutonnerie";"Composteur ouvert au quartier";"Silos 2x2.5m3";"En service";"Malakoff - Saint-Donatien";"04-04-2017";"2017";"47.2206403";"-1.5335146";"http://www.compostri.fr/wp-content/uploads/2017/04/Moutonnerie-2017-150x150.jpg";"http://www.compostri.fr/compost/parc-de-la-moutonnerie/"
"Le Petit Bel Air";"Composteur en résidence - copropriété, Composteur ouvert au quartier";"Silos 2x2.5m3";"En service";"Doulon - Bottière";"23-03-2017";"2017";"47.2393108";"-1.5267113";"http://www.compostri.fr/wp-content/uploads/2017/04/Petit-Bel-Air-2017-150x150.jpg";"http://www.compostri.fr/compost/le-petit-bel-air/"
"Les Tilleuls";"Composteur en résidence - copropriété";"Silos 2x1m3";"En service";"Orvault";"06-05-2017";"2017";"47.249754";"-1.605685";"http://www.compostri.fr/wp-includes/images/media/default.png";"http://www.compostri.fr/compost/les-tilleuls/"
"Trois Moulins";"Composteur ouvert au quartier";"Silos 2x1m3";"En service";"Rezé";"11-04-2017";"2017";"47.1787755";"-1.5484912";"http://www.compostri.fr/wp-content/uploads/2017/04/20170615_191815-150x150.jpg";"http://www.compostri.fr/compost/trois-moulins/"
"Amazonia Garden";"Composteur ouvert au quartier, Composteur sur des jardins collectifs";"Silos 2x1m3";"En service";"Malakoff - Saint-Donatien";"11-05-2017";"2017";"47.2144382";"-1.5329548";"http://www.compostri.fr/wp-content/uploads/2017/04/Jardinamazonia16734-150x150.jpg";"http://www.compostri.fr/compost/amazonia-garden/"
"Colombier";"Composteur en résidence - copropriété";"Silos 2x1m3";"En service";"Dervallières - Zola";"21-04-2017";"2017";"47.221251";"-1.5948572";"http://www.compostri.fr/wp-content/uploads/2017/03/Colombier-150x150.jpg";"http://www.compostri.fr/compost/colombier/"
"Conciergerie";"Composteur ouvert au quartier";"Silos 2x1m3";"En service";"Île de Nantes";"";"2016";"47.206420";"-1.562956";"http://www.compostri.fr/wp-content/uploads/2014/11/15-Document-1-page001-150x150.jpeg";"http://www.compostri.fr/compost/conciergerie/"
"Foyer ERDAM &#8211; Perrières";"Composteur ouvert au quartier";"Silos 2x2.5m3";"En service";"La Chapelle-sur-Erdre";"05-10-2016";"2016";"47.309189";"-1.550442";"http://www.compostri.fr/wp-content/uploads/2016/07/Foyer-Erdam-Pierrieres-150x150.jpg";"http://www.compostri.fr/compost/foyer-erdam-perrieres/"
"Saint Christophe";"Composteur en résidence - copropriété";"Pavillon 2,5 m3";"En service";"Nort sur Erdre";"02-04-2016";"2014";"47.440246";" -1.497247";"http://www.compostri.fr/wp-includes/images/media/default.png";"http://www.compostri.fr/compost/saint-christophe/"
"Le Clos du Perray";"Composteur ouvert au quartier";"Pavillon 2,5 m3";"En service";"Grandchamp des Fontaines";"31-10-2015";"2015";"47.363990";"-1.601683";"http://www.compostri.fr/wp-includes/images/media/default.png";"http://www.compostri.fr/compost/le-clos-du-perray/"
"Les Côteaux";"Composteur en résidence - copropriété";"Silos 2x2.5m3";"En service";"Saint-Herblain";"01-01-2014";"2014";"47.205092";"-1.616213";"http://www.compostri.fr/wp-content/uploads/2015/03/20141025_103612-150x150.jpg";"http://www.compostri.fr/compost/les-coteaux/"
"Ingénieurs/La Jonelière";"Composteur ouvert au quartier";"Silos 2x1m3";"En service";"Nantes Nord";"21-01-2017";"2016";"47.252164";"-1.545310";"http://www.compostri.fr/wp-content/uploads/2016/10/2017-01-Composteur-Joneliere-et-reunion-27-150x150.jpg";"http://www.compostri.fr/compost/ingenieurs/"
"Ecole Lucie Aubrac";"Composteur Pédagogique en établissement scolaire";"Pavillon 1,5 m3";"En service";"Bellevue - Chantenay - Sainte-Anne";"";"2016";"47.208352";"-1.600441";"http://www.compostri.fr/wp-includes/images/media/default.png";"http://www.compostri.fr/compost/ecole-lucie-aubrac/"
"Ecole Port Boyer";"Composteur Pédagogique en établissement scolaire";"Pavillon 1,5 m3";"En service";"Nantes Erdre";"";"2016";"47.239860";"-1.540975";"http://www.compostri.fr/wp-includes/images/media/default.png";"http://www.compostri.fr/compost/ecole-port-boyer/"
"Ecole élémentaire Jean Zay";"Composteur Pédagogique en établissement scolaire";"Pavillon 1,5 m3";"En service";"Bellevue - Chantenay - Sainte-Anne";"";"2015";"47.208847";"-1.607363";"http://www.compostri.fr/wp-content/uploads/2015/01/scene12_72dpi-150x150.jpg";"http://www.compostri.fr/compost/ecole-elementaire-jean-zay/"
"Crèche de Bellevue";"Composteur Pédagogique en établissement scolaire";"Pavillon 1,5 m3";"En service";"Bellevue - Chantenay - Sainte-Anne";"";"2015";"47.205596";"-1.607506";"http://www.compostri.fr/wp-content/uploads/2015/01/scene12_72dpi-150x150.jpg";"http://www.compostri.fr/compost/creche-de-bellevue/"
"Bagatelle";"Composteur ouvert au quartier";"Pavillon 5 m3";"En service";"Saint-Herblain";"24-09-2016";"2016";"47.244386";"-1.617706";"http://www.compostri.fr/wp-content/uploads/2016/09/Bagatelle-150x150.jpg";"http://www.compostri.fr/compost/bagatelle/"
"Val de Chézine";"Composteur en résidence - copropriété";"Silos 2x1m3";"En service";"Saint-Herblain";"17-09-2016";"2016";"47.234700";"-1.600595";"http://www.compostri.fr/wp-content/uploads/2016/07/15-Document-1-page001-150x150.jpeg";"http://www.compostri.fr/compost/val-de-chezine/"
"La Cruère";"Composteur en résidence - copropriété";"Silos 2x1m3";"En service";"Bellevue - Chantenay - Sainte-Anne";"30-01-2016";"2016";"47.202082";"-1.604951";"http://www.compostri.fr/wp-content/uploads/2016/07/15-Document-1-page001-150x150.jpeg";"http://www.compostri.fr/compost/cruere/"
"Val Joli";"Composteur en résidence - copropriété";"Pavillon 5 m3";"En service";"Saint-Sébastien-sur-Loire";"28-07-2016";"2012";"47.1978782";"-1.5302229000000125";"http://www.compostri.fr/wp-content/uploads/2016/07/IMG_0913-150x150.jpg";"http://www.compostri.fr/compost/val-joli/"
"Jardins du Douet";"Composteur sur des jardins collectifs";"Pavillon 2,5 m3";"En service";"Saint-Sébastien-sur-Loire";"19-08-2016";"2014";"47.191035";"-1.521222";"http://www.compostri.fr/wp-content/uploads/2015/12/jardins-du-douet-150x150.jpg";"http://www.compostri.fr/compost/jardins-du-douet/"
"Venelle Lamour &#8211; Les Forges";"Composteur ouvert au quartier";"Pavillon 2,5 m3";"En service";"Rezé";"09-11-2013";"2013";"47.189175";"-1.548478";"http://www.compostri.fr/wp-content/uploads/2015/01/Venelles-Lamour-Les-Forges-compostage-1-150x150.jpg";"http://www.compostri.fr/compost/venelles-les-forges-rue-henri-lamour/"
"Ça pousse en Amont &#8211; Prairie d&rsquo;Amont";"Composteur ouvert au quartier, Composteur sur des jardins collectifs";"Silos 2x2.5m3";"En service";"Île de Nantes";"15-04-2015";"2015";"47.2099443";"-1.5246918000000278";"http://www.compostri.fr/wp-content/uploads/2015/05/20150411_151231-150x150.jpg";"http://www.compostri.fr/compost/ca-pousse-en-amont/"
"Haute Île";"Composteur ouvert au quartier";"Pavillon 2,5 m3";"En service";"Rezé";"";"2011";"47.196625";"-1.554385";"http://www.compostri.fr/wp-content/uploads/2015/01/Haute-Ile-inauguration-6-150x150.jpg";"http://www.compostri.fr/compost/haute-ile/"
"Trentemoult";"Composteur ouvert au quartier";"Pavillon 2,5 m3";"En service";"Rezé";"01-01-2010";"2010";"47.19479159999999";"-1.5783106999999743";"http://www.compostri.fr/wp-content/uploads/2015/01/20150530_113432-e1456147063299-150x150.jpg";"http://www.compostri.fr/compost/trentemoult/"
"FJT Embarcadère";"Composteur en résidence - copropriété";"Pavillon 1,5 m3";"En service";"Nantes centre";"24-06-2016";"2016";"47.214237";"-1.568532";"http://www.compostri.fr/wp-content/uploads/2016/03/Le-33-2-150x150.jpg";"http://www.compostri.fr/compost/fjt-embarcadere/"
"Les Nouelles";"Composteur en résidence - copropriété";"Pavillon 1,5 m3";"En service";"Saint-Sébastien-sur-Loire";"07-12-2016";"2011";"47.19607800000001";"-1.5227311999999529";"http://www.compostri.fr/wp-content/uploads/2015/01/15-Document-1-page001-150x150.jpeg";"http://www.compostri.fr/compost/les-nouelles/"
"Bois de Chézine";"Composteur en résidence - copropriété";"Silos 2x1m3";"En service";"Saint-Herblain";"18-03-2016";"2016";"47.230758";"-1.594751";"http://www.compostri.fr/wp-content/uploads/2016/03/15-Document-1-page001-150x150.jpeg";"http://www.compostri.fr/compost/la-chezine/"
"60B";"Composteur ouvert au quartier";"Pavillon 5 m3";"En service";"Doulon - Bottière";"23-06-2016";"2016";"47.238935";"-1.5197619999999998";"http://www.compostri.fr/wp-content/uploads/2016/07/20160623_173358-150x150.jpg";"http://www.compostri.fr/compost/60b/"
"La Grande Noue";"Composteur en résidence - copropriété";"Silos 2x1m3";"En service";"Doulon - Bottière";"07-07-2016";"2016";"47.236173";"-1.520948";"http://www.compostri.fr/wp-content/uploads/2016/07/15-Document-1-page001-150x150.jpeg";"http://www.compostri.fr/compost/la-grande-noue/"
"AMAP &#8211; Ecole Alphonse Braud";"Composteur ouvert au quartier";"Silos 2x1m3";"En service";"Bellevue - Chantenay - Sainte-Anne";"24-06-2016";"2011";"47.202296";"-1.586049";"http://www.compostri.fr/wp-content/uploads/2015/01/scene12_72dpi-150x150.jpg";"http://www.compostri.fr/compost/ecole-alphonse-braud/"
"Square Washington";"Composteur ouvert au quartier";"Silos 2x1m3";"En service";"Breil - Barberie";"14-06-2016";"2016";"47.233325";"-1.573991";"http://www.compostri.fr/wp-content/uploads/2016/06/Square-Washington-150x150.jpg";"http://www.compostri.fr/compost/square-washington/"
"Square Jean-Baptiste Terrien";"Composteur ouvert au quartier";"Silos 2x1m3";"En service";"Rezé";"25-06-2016";"2016";"47.18439";"-1.550647";"http://www.compostri.fr/wp-content/uploads/2016/06/JB-Terrien-150x150.jpg";"http://www.compostri.fr/compost/square-jean-baptiste-terrien/"
"Place Emile Fritsch";"Composteur ouvert au quartier";"Silos 2x1m3";"En service";"Hauts-Pavés - Saint-Félix";"22-09-2016";"2016";"47.228768";"-1.566054";"http://www.compostri.fr/wp-content/uploads/vignette-compostage-150x150.jpg";"http://www.compostri.fr/compost/place-emile-fritch/"
"CSC Allée Verte";"Composteur ouvert au quartier";"Silos 2x1m3";"En service";"Saint-Sébastien-sur-Loire";"27-04-2016";"2016";"47.195262";"-1.490196";"http://www.compostri.fr/wp-content/uploads/2016/03/CSC-Allée-verte-150x150.jpg";"http://www.compostri.fr/compost/csc-allee-verte/"
"Square Flaubert";"Composteur ouvert au quartier";"Silos 2x1m3";"En service";"Rezé";"12-03-2016";"2016";"47.184245";"-1.557209";"http://www.compostri.fr/wp-content/uploads/2014/11/square-flaubert-150x150.jpg";"http://www.compostri.fr/compost/square-flaubert/"
"Pressoir &#8211; Ecole de Saint Aignan de Grandlieu";"Composteur ouvert au quartier, Composteur Pédagogique en établissement scolaire";"Pavillon 5 m3";"En service";"Saint-Aignan-de-Grand-Lieu";"00-00-2011";"2011";"47.121276";"-1.637503";"http://www.compostri.fr/wp-content/uploads/2016/01/Ecole-de-Saint-Aignan-Visite-élus-sarthe-150x150.jpeg";"http://www.compostri.fr/compost/ecole-de-saint-aignan-de-grandlieu/"
"Maison de Coluche";"Composteur ouvert au quartier";"Silos 2x2.5m3";"En service";"Doulon - Bottière";"";"2015";"47.230049";"-1.504224";"http://www.compostri.fr/wp-content/uploads/2016/01/20151212_114123-150x150.jpg";"http://www.compostri.fr/compost/maison-de-coluche/"
"Canopia";"Composteur en résidence - copropriété";"Silos 2x1m3";"En service";"Doulon - Bottière";"25-06-2016";"2015";"47.243183";"-1.517386";"http://www.compostri.fr/wp-content/uploads/2015/01/15-Document-1-page001-150x150.jpeg";"http://www.compostri.fr/compost/canopia/"
"Camille Guérin / Coudray";"Composteur ouvert au quartier";"Silos 2x2.5m3";"En service";"Malakoff - Saint-Donatien";"04-12-2015";"2015";"47.230617";"-1.543575";"http://www.compostri.fr/wp-content/uploads/2015/12/20151205_121605-150x150.jpg";"http://www.compostri.fr/compost/camille-guerin/"
"Association la Clé des Champs";"Composteur sur des jardins collectifs";"Pavillon 1,5 m3";"En service";"Bouguenais";"";"2013";"47.168376";"-1.598071";"http://www.compostri.fr/wp-content/uploads/2015/12/clé-des-champs-150x150.jpg";"http://www.compostri.fr/compost/association-la-cle-des-champs/"
"FJT Port-Beaulieu &#8211; Jard&rsquo;îlien";"Composteur ouvert au quartier";"Pavillon 1,5 m3";"En service";"Île de Nantes";"19-08-2016";"2015";"47.206184";"-1.542426";"http://www.compostri.fr/wp-content/uploads/2015/07/FJT-portbeaulieu2-150x150.jpg";"http://www.compostri.fr/compost/fjt-port-beaulieu-jardilien/"
"Ecole des Réformes";"Composteur Pédagogique en établissement scolaire";"Pavillon 1,5 m3";"En service";"Bellevue - Chantenay - Sainte-Anne";"";"2015";"47.199468";"-1.591116";"http://www.compostri.fr/wp-content/uploads/2015/01/scene12_72dpi-150x150.jpg";"http://www.compostri.fr/compost/ecole-des-reformes/"
"Square du Lait de Mai";"Composteur sur des jardins collectifs";"Pavillon 1,5 m3";"En service";"Nantes centre";"";"2015";"47.211964";"-1.548060";"http://www.compostri.fr/wp-includes/images/media/default.png";"http://www.compostri.fr/compost/square-du-lait-de-mai/"
"Forges on t&rsquo;aime";"Composteur ouvert au quartier";"Silos 2x1m3";"En service";"Doulon - Bottière";"01-01-2015";"2015";"47.227054";"-1.518301";"http://www.compostri.fr/wp-content/uploads/2015/12/forges-on-taime-e1449226667643-150x150.jpg";"http://www.compostri.fr/compost/forges-on-taime/"
"Blordière";"Composteur en résidence - copropriété";"Silos 2x1m3";"En service";"Rezé";"01-01-2015";"2015";"47.180299";"-1.533312";"http://www.compostri.fr/wp-content/uploads/2015/12/20151114_112415-150x150.jpg";"http://www.compostri.fr/compost/blordiere/"
"Koufra";"Composteur en résidence - copropriété";"Silos 2x1m3";"En service";"Nantes Erdre";"14-11-2015";"2015";"47.243691";"-1.528226";"http://www.compostri.fr/wp-content/uploads/2015/12/koufra-e1453473473420-150x150.jpg";"http://www.compostri.fr/compost/koufra/"
"Ecole Pont Marchand";"Composteur Pédagogique en établissement scolaire";"Silos 2x2.5m3";"En service";"Orvault";"";"2015";"47.263677";"-1.631934";"http://www.compostri.fr/wp-content/uploads/2015/12/20151021_113409-e1454323109696-150x150.jpg";"http://www.compostri.fr/compost/ecole-pont-marchand/"
"La Source";"Composteur ouvert au quartier";"Silos 2x2.5m3";"En service";"La Chapelle-sur-Erdre";"01-01-2015";"2015";"47.306035";"-1.554568";"http://www.compostri.fr/wp-content/uploads/2015/11/compostage-tous-les-etages-dans-les-quartiers-de-la-ville-150x150.jpg";"http://www.compostri.fr/compost/la-source-la-chapelle-sur-erdre/"
"Kanopé";"Composteur en résidence - copropriété";"Silos 2x1m3";"En service";"Malakoff - Saint-Donatien";"19-06-2016";"2015";"47.2151";"-1.5351";"http://www.compostri.fr/wp-content/uploads/2015/09/1er-retournement-site-Kanop-®-2-150x150.jpg";"http://www.compostri.fr/compost/kanope/"
"Centre Socio-culturel &#8211; Port-au-Blé";"Composteur ouvert au quartier";"Pavillon 2,5 m3";"En service";"Rezé";"01-09-2013";"2013";"47.191435";"-1.5584036000000197";"http://www.compostri.fr/wp-content/uploads/2015/01/CSC-Port-au-blé-Montage-31-150x150.jpg";"http://www.compostri.fr/compost/centre-socio-culturel-maison-du-port-au-ble/"
"Résidence Clos de L&rsquo;Erdre";"Composteur en résidence - copropriété";"Pavillon 1,5 m3";"En service";"Nantes Erdre";"21-07-2016";"2014";"47.2620375";"-1.5278637000000117";"http://www.compostri.fr/wp-content/uploads/2015/01/1er-ertournement-1-150x150.jpg";"http://www.compostri.fr/compost/residence-clos-de-lerdre-nantes/"
"Centre Socio-Culturel Soleil Levant";"Composteur ouvert au quartier";"Pavillon 2,5 m3";"En service";"Saint-Herblain";"30-09-2013";"2013";"47.219692";"-1.609410";"http://www.compostri.fr/wp-content/uploads/2015/01/CSC-Soleil-levant-6-150x150.jpg";"http://www.compostri.fr/compost/centre-socio-culturel-soleil-levant/"
"Naturalie-Chénaie";"Composteur ouvert au quartier";"Pavillon 2,5 m3";"En service";"Doulon - Bottière";"25-03-2013";"2013";"47.239343";"-1.515182";"http://www.compostri.fr/wp-content/uploads/2015/01/Bottière-Chesnaie-Ilot6-91-150x150.jpg";"http://www.compostri.fr/compost/naturalie-chenaie/"
"Duguesclin";"Composteur en résidence - copropriété";"Pavillon 2,5 m3";"En service";"Saint-Sébastien-sur-Loire";"07-12-2016";"2010";"47.195455";"-1.523846";"http://www.compostri.fr/wp-content/uploads/2015/01/Duguesclin-150x150.jpg";"http://www.compostri.fr/compost/duguesclin/"
"Monfoulon";"Composteur en résidence - copropriété";"Pavillon 1,5 m3";"En projet";"Nantes centre";"27-05-2015";"2015";"47.2247686";"-1.548586699999987";"http://www.compostri.fr/wp-content/uploads/2015/06/installation-et-mise-en-route-1-150x150.jpg";"http://www.compostri.fr/compost/monfoulon-nantes/"
"Utrillo";"Composteur ouvert au quartier";"Silos 2x2.5m3";"En service";"Rezé";"09-01-2015";"2015";"47.1808775";"-1.5616284999999834";"http://www.compostri.fr/wp-content/uploads/2015/06/photo-groupe-150x150.jpeg";"http://www.compostri.fr/compost/utrillo-reze/"
"Square Vertais";"Composteur ouvert au quartier";"Pavillon 5 m3";"En service";"Île de Nantes";"02-09-2015";"2015";"47.202325";"-1.5470382";"http://www.compostri.fr/wp-content/uploads/2015/04/installation-2-150x150.jpg";"http://www.compostri.fr/compost/square-vertais-ile-de-nantes/"
"Environnements solidaires";"Composteur en résidence - copropriété";"Silos 2x2.5m3";"En service";"Saint-Herblain";"01-10-2014";"2015";"47.208005";"-1.614903";"http://www.compostri.fr/wp-content/uploads/2015/05/20150407_162653-150x150.jpg";"http://www.compostri.fr/compost/environnements-solidaires/"
"Beausoleil";"Composteur ouvert au quartier";"Silos 2x2.5m3";"En service";"La Chapelle-sur-Erdre";"";"2015";"47.3044761";"-1.5588801000000103";"http://www.compostri.fr/wp-content/uploads/2015/05/IMG_6287-150x150.jpg";"http://www.compostri.fr/compost/beausoleil-la-chapelle-sur-erdre/"
"Cantine du 8 mai";"Composteur ouvert au quartier";"Pavillon 5 m3";"En service";"Bouguenais";"02-01-2015";"2015";"47.1785721";"-1.620072299999947";"http://www.compostri.fr/wp-content/uploads/2015/05/bouguenais-cantine-150x150.jpg";"http://www.compostri.fr/compost/1469/"
"Jardins de Bitche &#8211; Nantes";"Composteur ouvert au quartier";"Silos 2x1m3";"En projet";"Nantes centre";"01-11-2014";"2014";"47.2125732";"-1.5412590999999338";"http://www.compostri.fr/wp-content/uploads/2015/04/jardins-bitche-150x150.jpg";"http://www.compostri.fr/compost/jardins-de-bitche/"
"La Nizanerie";"Composteur ouvert au quartier";"Pavillon 1,5 m3";"En service";"Île de Nantes";"23-03-2013";"2013";"47.2052437";"-1.5516660000000684";"http://www.compostri.fr/wp-content/uploads/2015/04/composteur-peint-150x150.jpg";"http://www.compostri.fr/compost/la-nizanerie-nantes/"
"Les jardins de Gaïa &#8211; Bouaye";"Composteur ouvert au quartier, Composteur sur des jardins collectifs";"Silos 2x1m3";"En service";"Bouaye";"16-12-2014";"2014";"47.157406";"-1.675624";"http://www.compostri.fr/wp-content/uploads/2015/04/composteur-jardins-gaia-150x150.jpg";"http://www.compostri.fr/compost/les-jardins-de-gaia-bouaye/"
"Haubans";"Composteur en résidence - copropriété";"Pavillon 1,5 m3";"En service";"Île de Nantes";"30-09-2016";"2015";"47.209349";"-1.5289678000000322";"http://www.compostri.fr/wp-content/uploads/2015/04/installation-et-mise-en-route-7-150x150.jpg";"http://www.compostri.fr/compost/haubans/"
"Compostîle";"Composteur ouvert au quartier";"Silos 2x2.5m3";"En projet";"Île de Nantes";"31-12-2017";"2015";"47.206986";"-1.558905";"http://www.compostri.fr/wp-content/uploads/2015/03/installation-4-150x150.jpg";"http://www.compostri.fr/compost/place-des-erables/"
"Marion Cahour";"Composteur ouvert au quartier";"Silos 2x2.5m3";"En service";"Hauts-Pavés - Saint-Félix";"30-09-2016";"2015";"47.222301";"-1.561171";"http://www.compostri.fr/wp-content/uploads/2015/03/1er-retournement-2-150x150.jpg";"http://www.compostri.fr/compost/marion-cahour/"
"Salonique";"Composteur en résidence - copropriété";"Pavillon 1,5 m3";"En service";"Breil - Barberie";"30-09-2014";"2014";"47.2407654";"-1.5811751";"http://www.compostri.fr/wp-content/uploads/2015/03/1er-retournement-1-150x150.jpg";"http://www.compostri.fr/compost/salonique/"
"Passage de la prise d&rsquo;eau";"Composteur ouvert au quartier";"Pavillon 2,5 m3";"En service";"Nort sur Erdre";"13-12-2014";"2015";"47.442653";"-1.500773";"http://www.compostri.fr/wp-content/uploads/2015/01/20151007_190823-150x150.jpg";"http://www.compostri.fr/compost/passage-de-la-prise-deau/"
"Résidence Ralliement";"Composteur en résidence - copropriété";"Pavillon 1,5 m3";"En service";"Malakoff - Saint-Donatien";"";"2014";"47.2226423";"-1.5294613999999456";"http://www.compostri.fr/wp-content/uploads/2015/01/Ralliement-150x150.jpg";"http://www.compostri.fr/compost/residence-ralliement-nantes/"
"Le Bourg";"Composteur en résidence - copropriété";"Silos 2x1m3";"En service";"Saint-Herblain";"01-01-2014";"2014";"47.2088163";"-1.6487124999999878";"http://www.compostri.fr/wp-content/uploads/2015/01/1er-retourenment-le-bourg-saint-herblain-3-150x150.jpg";"http://www.compostri.fr/compost/le-bourg/"
"Belle Isle &#8211; Nantes";"Composteur en résidence - copropriété";"Silos 2x1m3";"En service";"Nantes Erdre";"";"2014";"47.2545665";"-1.5367369000000508";"http://www.compostri.fr/wp-content/uploads/2015/01/20141122_144938-150x150.jpg";"http://www.compostri.fr/compost/belle-isle/"
"Le Clos de la Rivaudière";"Composteur en résidence - copropriété";"Silos 2x1m3";"En service";"Saint-Herblain";"30-09-2014";"2014";"47.225689";"-1.6504671000000144";"http://www.compostri.fr/wp-content/uploads/2015/01/Clos_Rivaudière-150x150.jpg";"http://www.compostri.fr/compost/le-clos-de-la-rivaudiere/"
"Maison Relais le Gué";"Composteur en résidence - copropriété";"Pavillon 1,5 m3";"En service";"Dervallières - Zola";"";"2014";"47.2068509";"-1.5747179999999616";"http://www.compostri.fr/wp-content/uploads/2015/01/Maison-relais-le-Gué-4-150x150.jpg";"http://www.compostri.fr/compost/maison-relais-le-gue-nantes/"
"La Fontaine";"Composteur en résidence - copropriété";"Pavillon 1,5 m3";"En service";"Nantes Nord";"28-04-2016";"2014";"47.247411";"-1.5707";"http://www.compostri.fr/wp-content/uploads/2015/01/Retournement-51-150x150.jpg";"http://www.compostri.fr/compost/la-fontaine/"
"Les Amandiers";"Composteur en résidence - copropriété";"Pavillon 1,5 m3";"En service";"Nantes Nord";"";"2013";"47.26220387488973";"-1.5750709176063538";"http://www.compostri.fr/wp-content/uploads/2015/01/Les-Amandiers-montage-1-150x150.jpg";"http://www.compostri.fr/compost/les-amandiers/"
"Crucy";"Composteur en résidence - copropriété";"Pavillon 2,5 m3";"En service";"Nantes centre";"";"2013";"47.213238";"-1.548982";"http://www.compostri.fr/wp-content/uploads/2015/01/Crucy-NH-Avril-2013-2-150x150.jpg";"http://www.compostri.fr/compost/crucy/"
"La Cholière";"Composteur en résidence - copropriété";"Pavillon 2,5 m3";"En service";"Orvault";"";"2015";"47.2492601";"-1.6049035999999433";"http://www.compostri.fr/wp-content/uploads/2015/01/Chollière-7-150x150.jpg";"http://www.compostri.fr/compost/la-choliere/"
"Les Anglais";"Composteur en résidence - copropriété";"Pavillon 2,5 m3";"En service";"Hauts-Pavés - Saint-Félix";"";"2012";"47.2279913";"-1.5799531999999772";"http://www.compostri.fr/wp-content/uploads/2015/01/Nantes-20130511-00531-150x150.jpg";"http://www.compostri.fr/compost/les-anglais/"
"Rotereaux";"Composteur en résidence - copropriété";"Pavillon 1,5 m3";"En service";"Rezé";"";"2012";"47.17241532914606";"-1.5274643898010254";"http://www.compostri.fr/wp-content/uploads/2015/01/Rottoreaux-montage-12-150x150.jpg";"http://www.compostri.fr/compost/rotereaux-reze/"
"Verdura";"Composteur en résidence - copropriété";"Pavillon 5 m3";"En service";"Nantes Nord";"01-10-2013";"2013";"47.2457435";"-1.5726994999999988";"http://www.compostri.fr/wp-content/uploads/2015/01/Verdura-1-150x150.jpg";"http://www.compostri.fr/compost/verdura/"
"Toscani-Sainte-Thérèse";"Composteur en résidence - copropriété";"Pavillon 2,5 m3";"En service";"Breil - Barberie";"24-09-2013";"2013";"47.23216739999999";"-1.576319099999978";"http://www.compostri.fr/wp-content/uploads/2015/01/Toscani-ste-Thérèse-1-150x150.jpg";"http://www.compostri.fr/compost/toscani-sainte-therese/"
"Russeil";"Composteur en résidence - copropriété";"Pavillon 2,5 m3";"En service";"Hauts-Pavés - Saint-Félix";"30-09-2009";"2009";"47.222923";"-1.562232";"http://www.compostri.fr/wp-content/uploads/2015/01/Russeil-150x150.jpg";"http://www.compostri.fr/compost/russeil/"
"Résidence Pierre de Coubertin";"Composteur en résidence - copropriété";"Pavillon 2,5 m3";"En service";"Breil - Barberie";"31-08-2016";"2012";"47.226218";"-1.588087";"http://www.compostri.fr/wp-content/uploads/2015/01/Pierre-de-Coubertin-criblage-9-150x150.jpg";"http://www.compostri.fr/compost/residence-pierre-de-coubertin/"
"Murillo/Les Excuriales";"Composteur en résidence - copropriété";"Pavillon 2,5 m3";"En service";"Nantes Erdre";"";"2010";"47.25805339999999";"-1.5169750999999678";"http://www.compostri.fr/wp-content/uploads/2015/01/Murillo-tamis-4-150x150.jpg";"http://www.compostri.fr/compost/murilloles-excuriales/"
"Maison Radieuse";"Composteur en résidence - copropriété";"Pavillon 20 m3";"En service";"Rezé";"18-08-2007";"2007";"47.1890984";"-1.5704894000000422";"http://www.compostri.fr/wp-content/uploads/2015/01/Maison-Radieuse-HabitantsCompostage-2-150x150.jpg";"http://www.compostri.fr/compost/maison-radieuse/"
"Limousin";"Composteur en résidence - copropriété";"Pavillon 2,5 m3";"En service";"Saint-Sébastien-sur-Loire";"";"2011";"47.2008957";"-1.4904340000000502";"http://www.compostri.fr/wp-content/uploads/2015/01/Limousin-mise-en-route-14-150x150.jpg";"http://www.compostri.fr/compost/rue-du-limousin-_-saint-sebastien-sur-loire/"
"Les Roses";"Composteur en résidence - copropriété";"Pavillon 2,5 m3";"En service";"Nantes centre";"";"2013";"47.2184147";"-1.5760129000000234";"http://www.compostri.fr/wp-content/uploads/2015/01/Les-Roses-montage-8-150x150.jpg";"http://www.compostri.fr/compost/les-roses/"
"Le Golf";"Composteur en résidence - copropriété";"Pavillon 10 m3";"En service";"Saint-Herblain";"00-00-2011";"2011";"47.2384984";"-1.6044331000000511";"http://www.compostri.fr/wp-content/uploads/2015/02/Résidence_du_golf.StHerblain-150x150.jpg";"http://www.compostri.fr/compost/le-golf/"
"La Robertière";"Composteur en résidence - copropriété";"Pavillon 1,5 m3";"En service";"Saint-Herblain";"01-01-2013";"2013";"47.2092388";"-1.6474002999999584";"http://www.compostri.fr/wp-content/uploads/2015/01/installation-msie-en-route-8-150x150.jpg";"http://www.compostri.fr/compost/la-robertiere/"
"La Reynière";"Composteur en résidence - copropriété";"Pavillon 2,5 m3";"En service";"Orvault";"";"2011";"47.254879";"-1.578933";"http://www.compostri.fr/wp-content/uploads/2015/01/La-Reynière_web2-150x150.jpg";"http://www.compostri.fr/compost/la-reyniere-orvault/"
"La Martellière";"Composteur en résidence - copropriété";"Pavillon 2,5 m3";"En service";"Saint-Sébastien-sur-Loire";"21-07-2016";"2011";"47.1965613";"-1.5293607999999494";"http://www.compostri.fr/wp-content/uploads/2015/01/La-Martelière-inauguration-2-150x150.jpg";"http://www.compostri.fr/compost/la-martelliere/"
"La Closerie de l&rsquo;Arche";"Composteur en résidence - copropriété";"Pavillon 2,5 m3";"En service";"Saint-Sébastien-sur-Loire";"";"2012";"47.208299";"-1.502585";"http://www.compostri.fr/wp-content/uploads/2015/01/La-Closerie-criblage-2-150x150.jpg";"http://www.compostri.fr/compost/la-closerie-de-larche/"
"La Cailletière";"Composteur en résidence - copropriété";"Pavillon 5 m3";"En service";"Saint-Sébastien-sur-Loire";"08-12-2016";"2012";"47.205872";"-1.520853";"http://www.compostri.fr/wp-content/uploads/2015/01/La-Cailletière-1er-retournement-1-150x150.jpg";"http://www.compostri.fr/compost/la-cailletiere/"
"François Bruneau";"Composteur en résidence - copropriété";"Pavillon 2,5 m3";"En service";"Hauts-Pavés - Saint-Félix";"";"2010";"47.2294584";"-1.5612923999999566";"http://www.compostri.fr/wp-content/uploads/2015/01/François-Bruneau-visite-mars2012-3-150x150.jpg";"http://www.compostri.fr/compost/francois-bruneau/"
"Erdre";"Composteur en résidence - copropriété";"Pavillon 2,5 m3";"En service";"Saint-Sébastien-sur-Loire";"";"2010";"47.206319";"-1.516141";"http://www.compostri.fr/wp-content/uploads/2015/01/Edre-3-150x150.jpg";"http://www.compostri.fr/compost/domaine-de-saint-sebastien/"
"Coulmiers";"Composteur en résidence - copropriété";"Pavillon 1,5 m3";"En service";"Malakoff - Saint-Donatien";"01-01-2011";"2011";"47.223106";"-1.537304";"http://www.compostri.fr/wp-content/uploads/2015/01/15-Document-1-page001-150x150.jpeg";"http://www.compostri.fr/compost/bois-saint-louis-2/"
"Bois Saint louis";"Composteur en résidence - copropriété";"Pavillon 5 m3";"En service";"Orvault";"05-05-2012";"2012";"47.2462956";"-1.5791442";"http://www.compostri.fr/wp-content/uploads/2015/01/20150919_103254-150x150.jpg";"http://www.compostri.fr/compost/bois-saint-louis/"
"Beaulieu";"Composteur en résidence - copropriété";"Pavillon 20 m3";"En service";"Île de Nantes";"";"2009";"47.207748";"-1.540578";"http://www.compostri.fr/wp-content/uploads/2015/01/compos3-3b69b1-150x150.jpg";"http://www.compostri.fr/compost/beaulieu/"
"Vallon de l&rsquo;Epinais";"Composteur en résidence - copropriété";"Pavillon 2,5 m3";"En service";"Grandchamp des Fontaines";"08-03-2014";"2014";"47.367328";"-1.605229";"http://www.compostri.fr/wp-content/uploads/2015/01/Vallon-epinais-photo-150x150.jpg";"http://www.compostri.fr/compost/vallon-de-lepinais-grandchamp-des-fontaines/"
"Sully";"Composteur ouvert au quartier";"Silos 2x2.5m3";"En service";"Malakoff - Saint-Donatien";"07-09-2016";"2014";"47.222727";"-1.548422";"http://www.compostri.fr/wp-content/uploads/2015/01/Sully_nantes-150x150.jpg";"http://www.compostri.fr/compost/sully/"
"Le Vore&rsquo;Koff";"Composteur ouvert au quartier";"Composteur Ekovore";"En service";"Malakoff - Saint-Donatien";"01-01-2014";"2014";"47.21587875284195";"-1.5240184217691422";"http://www.compostri.fr/wp-content/uploads/2015/07/Référent-site-promo-1-35-150x150.jpg";"http://www.compostri.fr/compost/composteur-malakoff/"
"Cité des Hauts Pavés";"Composteur ouvert au quartier";"Pavillon 2,5 m3";"En service";"Hauts-Pavés - Saint-Félix";"03-10-2014";"2014";"47.224169";"-1.565516";"http://www.compostri.fr/wp-content/uploads/2015/01/hauts_Pavés-150x150.jpg";"http://www.compostri.fr/compost/hauts-paves-nantes/"
"Square Félix Thomas";"Composteur ouvert au quartier";"Silos 2x2.5m3";"En service";"Hauts-Pavés - Saint-Félix";"25-10-2016";"2014";"47.231168";"-1.553320";"http://www.compostri.fr/wp-content/uploads/2015/01/1er-retournement-8-150x150.jpg";"http://www.compostri.fr/compost/square-felix-thomas/"
"Ecole Charles Lebourg &#8211;  Orrion Loquidy";"Composteur ouvert au quartier";"Pavillon 2,5 m3";"En service";"Hauts-Pavés - Saint-Félix";"";"2014";"47.23409350000001";"-1.5599150000000463";"http://www.compostri.fr/wp-content/uploads/2015/01/Retournement-8-150x150.jpg";"http://www.compostri.fr/compost/ecole-charles-lebourg-association-orrion-loquidy/"
"Jardin des Richolets";"Composteur ouvert au quartier, Composteur sur des jardins collectifs";"Silos 2x1m3";"En service";"Saint-Herblain";"01-01-2014";"2014";"47.2122336";"-1.615248500000007";"http://www.compostri.fr/wp-content/uploads/2015/01/Jardin-MDC-Composteur-3-silos-1m3-150x150.jpg";"http://www.compostri.fr/compost/jardin-des-richolets-mdc-saint-herblain/"
"Jardin des Petits Débrouillards";"Composteur ouvert au quartier";"Pavillon 1,5 m3";"En service";"Dervallières - Zola";"06-10-2016";"2013";"47.2250486";"-1.590999600000032";"http://www.compostri.fr/wp-content/uploads/2015/01/petits-débrouillards44-150x150.jpg";"http://www.compostri.fr/compost/jardin-des-petits-debrouillards/"
"Jardins d&rsquo;Indre";"Composteur ouvert au quartier";"Pavillon 2,5 m3";"En service";"Indre";"07-11-2016";"2010";"47.192793";"-1.647847";"http://www.compostri.fr/wp-content/uploads/2015/01/installation1-150x133.jpg";"http://www.compostri.fr/compost/jardins-familiaux-dindre/"
"Jardin des Noëlles &#8211; Thébaudières";"Composteur ouvert au quartier";"Pavillon 2,5 m3";"En service";"Saint-Herblain";"01-01-2013";"2013";"47.240122";"-1.608225";"http://www.compostri.fr/wp-content/uploads/2015/01/Jardin-des-Noelles-Thébaudière-pavillon-150x150.jpg";"http://www.compostri.fr/compost/jardin-des-noelles-les-thebaudieres/"
"Atelier Alisé";"Composteur ouvert au quartier";"Pavillon 1,5 m3";"En service";"Île de Nantes";"";"2012";"47.202721";"-1.548018";"http://www.compostri.fr/wp-content/uploads/2015/01/15-Document-1-page001-150x150.jpeg";"http://www.compostri.fr/compost/atelier-alise-nantes/"
"Square Savelli";"Composteur ouvert au quartier";"Pavillon 2,5 m3";"En service";"La Chapelle-sur-Erdre";"";"2013";"47.2958809";"-1.5501815999999735";"http://www.compostri.fr/wp-content/uploads/2015/01/Square_savelli-150x150.jpeg";"http://www.compostri.fr/compost/square-savelli-la-chapelle-sur-erdre/"
"Square Anatole France";"Composteur ouvert au quartier";"Pavillon 2,5 m3";"En service";"Couëron";"";"2013";"47.2107653";"-1.7304017000000158";"http://www.compostri.fr/wp-content/uploads/2015/01/Square-Anatole-France-mise-en-route-9-150x150.jpg";"http://www.compostri.fr/compost/square-anatole-france/"
"Parc du Croissant";"Composteur ouvert au quartier";"Pavillon 2,5 m3";"En service";"Doulon - Bottière";"30-06-2013";"2013";"47.235613";"-1.524601";"http://www.compostri.fr/wp-content/uploads/2015/01/compost-08-04-2017-10-copie-150x150.jpg";"http://www.compostri.fr/compost/parc-du-croissant/"
"Parc Broussais";"Composteur ouvert au quartier";"Pavillon 2,5 m3";"En service";"Doulon - Bottière";"";"2013";"47.22608959999999";"-1.52228869999999";"http://www.compostri.fr/wp-content/uploads/2015/01/installation-mise-en-route-8-150x150.jpg";"http://www.compostri.fr/compost/parc-broussais/"
"Maison de la solidarité";"Composteur ouvert au quartier";"Pavillon 5 m3";"En service";"La Chapelle-sur-Erdre";"";"2011";"47.2987616";"-1.550350500000036";"";"http://www.compostri.fr/compost/maison-de-la-solidarite/"
"Jardin Saint Lupien";"Composteur ouvert au quartier";"Silos 2x1m3";"En service";"Rezé";"01-01-2013";"2013";"47.1914003";"-1.5675257000000329";"http://www.compostri.fr/wp-content/uploads/2015/01/DSC_0016-150x150.jpg";"http://www.compostri.fr/compost/jardin-saint-lupien/"
"Jardins du Tillay";"Composteur ouvert au quartier";"Pavillon 2,5 m3";"En service";"Saint-Herblain";"";"2009";"47.231681";"-1.605733";"http://www.compostri.fr/wp-content/uploads/2015/01/Jardin-du-TillayComposteur-e1453472290855-150x150.jpg";"http://www.compostri.fr/compost/jardins-du-tillay-2/"
"FJT Grand Voile";"Composteur ouvert au quartier";"Pavillon 2,5 m3";"En service";"Rezé";"08-09-2016";"2012";"47.1896552";"-1.5641083000000435";"http://www.compostri.fr/wp-content/uploads/2015/01/FJT.grand_voile-150x150.jpeg";"http://www.compostri.fr/compost/fjt-grand-voile/"
"Centre Socio-culturel Henri Normand";"Composteur ouvert au quartier";"Pavillon 2,5 m3";"En service";"Couëron";"";"2012";"47.2147054";"-1.6825397000000066";"http://www.compostri.fr/wp-content/uploads/2015/01/CSC-Henri-Normand-3-150x150.jpg";"http://www.compostri.fr/compost/centre-socio-culturel-henri-normand/"
"Ecole des mines &#8211; Résidence étudiante";"Composteur ouvert au quartier";"Pavillon 2,5 m3";"En service";"Nantes Erdre";"";"2013";"47.2820923";"-1.5198500000000197";"http://www.compostri.fr/wp-content/uploads/2015/01/Ecole-des-mines-résidence-étudiant-montage-23-150x150.jpg";"http://www.compostri.fr/compost/ecole-des-mines-residence-etudiante-2/"
"Clos Toreau";"Composteur ouvert au quartier";"Pavillon 5 m3";"En service";"Nantes Sud";"";"2013";"47.195634";"-1.528563";"http://www.compostri.fr/wp-content/uploads/2015/01/Composteur-Clos-toreau-150x150.jpg";"http://www.compostri.fr/compost/clos-toreau/"
"Clos Saint Julien";"Composteur ouvert au quartier";"Pavillon 2,5 m3";"En service";"Bouguenais";"";"2012";"47.1833364";"-1.5828842";"http://www.compostri.fr/wp-content/uploads/2015/01/Clos-Saint-Julien-1an-2-150x150.jpg";"http://www.compostri.fr/compost/clos-saint-julien/"
"Barbonnerie &#8211; Pont Rousseau";"Composteur ouvert au quartier";"Pavillon 2,5 m3";"En service";"Rezé";"30-09-2016";"2011";"47.191855";"-1.544262";"http://www.compostri.fr/wp-content/uploads/2015/01/P1060493-150x150.jpg";"http://www.compostri.fr/compost/barbonnerie-pont-rousseau/"
"Atelier du Retz emploi";"Composteur ouvert au quartier";"Pavillon 1,5 m3";"En service";"Le Pellerin";"";"2012";"47.2004919";"-1.7552545";"http://www.compostri.fr/wp-content/uploads/2015/01/Le-Pellerin-20130403-00410-150x150.jpg";"http://www.compostri.fr/compost/atelier-du-retz-emploi/"
"Jardins de l&rsquo;ADDA";"Composteur ouvert au quartier";"Pavillon 5 m3";"En service";"Hauts-Pavés - Saint-Félix";"08-11-2016";"2011";"47.226333";"-1.559526";"http://www.compostri.fr/wp-content/uploads/2015/01/ADDA-150x150.jpg";"http://www.compostri.fr/compost/jardins-de-ladda-2/"
"La Ferrière";"Composteur Pédagogique en établissement scolaire";"Pavillon 5 m3";"En service";"Orvault";"";"2014";"47.244971";"-1.591808";"http://www.compostri.fr/wp-content/uploads/2015/01/Ferriere.orvault-150x150.jpg";"http://www.compostri.fr/compost/composteur-de-la-cuisine/"
"Ecole de la Bernardière";"Composteur Pédagogique en établissement scolaire";"Pavillon 1,5 m3";"En service";"Saint-Herblain";"";"2014";"47.206318";"-1.616954";"http://www.compostri.fr/wp-content/uploads/2015/01/Composteur-ecole-Bernardiere-150x150.jpg";"http://www.compostri.fr/compost/ecole-maternelle-et-elementaire-de-la-bernardiere-saint-herblain/"
"Ecole de la Métairie";"Composteur Pédagogique en établissement scolaire";"Silos 2x1m3";"En service";"Couëron";"";"2013";"47.2176808";"-1.6978372999999465";"http://www.compostri.fr/wp-content/uploads/2015/01/Ecole-La-Métairie-animation-7-150x150.jpg";"http://www.compostri.fr/compost/ecole-de-la-metairie-coueron/"
"FJT Oceane";"Composteur en résidence - copropriété";"Pavillon 1,5 m3";"En service";"Saint-Herblain";"01-01-2011";"2011";"47.2209261";"-1.623419799999965";"http://www.compostri.fr/wp-content/uploads/2015/01/FJT-océane-150x128.jpg";"http://www.compostri.fr/compost/fjt-oceane/"
"Maison de la petite enfance";"Composteur Pédagogique en établissement scolaire";"Pavillon 2,5 m3";"En service";"Saint-Sébastien-sur-Loire";"";"2013";"47.205364";"-1.499816";"";"http://www.compostri.fr/compost/maison-de-la-petite-enfance-saint-sebastien-sur-loire/"
"Ecole primaire Batignolles";"Composteur Pédagogique en établissement scolaire";"Pavillon 1,5 m3";"En service";"Nantes Erdre";"06-10-2016";"2013";"47.252192";"-1.518617";"http://www.compostri.fr/wp-content/uploads/2015/01/scene12_72dpi-150x150.jpg";"http://www.compostri.fr/compost/ecole-maternelle-et-elementaire-batignolle/"
"Ecole Port au Blé";"Composteur Pédagogique en établissement scolaire";"Pavillon 1,5 m3";"En service";"Rezé";"30-09-2016";"2012";"47.1894099";"-1.5551677999999356";"http://www.compostri.fr/wp-content/uploads/2015/01/école-port-au-blé-150x150.jpg";"http://www.compostri.fr/compost/ecole-port-au-ble/"
"Ecole des Plantes";"Composteur Pédagogique en établissement scolaire";"Pavillon 1,5 m3";"En service";"Breil - Barberie";"06-10-2016";"2010";"47.234426";"-1.583033";"http://www.compostri.fr/wp-content/uploads/2015/01/école-plantes-nantes-150x150.jpg";"http://www.compostri.fr/compost/ecole-elementaire-des-plantes/"
"Ecole Le Linot primaire";"Composteur Pédagogique en établissement scolaire";"Pavillon 1,5 m3";"En service";"Nantes Erdre";"";"2012";"47.267761";"-1.527770";"http://www.compostri.fr/wp-content/uploads/2015/01/scene12_72dpi-150x150.jpg";"http://www.compostri.fr/compost/ecole-le-linot-primaire/"
"Ecole Le Linot maternelle";"Composteur Pédagogique en établissement scolaire";"Pavillon 1,5 m3";"En service";"Nantes Erdre";"";"2012";"47.267761";"-1.527770";"http://www.compostri.fr/wp-content/uploads/2015/01/scene12_72dpi-150x150.jpg";"http://www.compostri.fr/compost/ecole-le-linot-maternelle/"
"Ecole La Pierre Mara";"Composteur Pédagogique en établissement scolaire";"Pavillon 1,5 m3";"En service";"Indre";"";"2012";"47.195813";"-1.648512";"http://www.compostri.fr/wp-content/uploads/2015/01/pierre-mara-indre-150x150.jpg";"http://www.compostri.fr/compost/ecole-la-pierre-mara/"
"Ecole Jules Ferry";"Composteur Pédagogique en établissement scolaire";"Pavillon 1,5 m3";"En service";"Indre";"";"2012";"47.201383";"-1.669023";"http://www.compostri.fr/wp-content/uploads/2015/01/scene12_72dpi-150x150.jpg";"http://www.compostri.fr/compost/ecole-jules-ferry/"
"Ecole Jacques Prévert";"Composteur Pédagogique en établissement scolaire";"Pavillon 1,5 m3";"En service";"Breil - Barberie";"";"2010";"47.228517";"-1.58368710000002";"http://www.compostri.fr/wp-content/uploads/2015/01/jacques-prévert-150x150.jpg";"http://www.compostri.fr/compost/ecole-jacques-prevert/"
"Ecole Henri Lesage";"Composteur Pédagogique en établissement scolaire";"Pavillon 1,5 m3";"En service";"Vertou";"";"2013";"47.1867428";"-1.5003326999999445";"http://www.compostri.fr/wp-content/uploads/2015/01/Ecole-Henri-Lesage-13-150x150.jpg";"http://www.compostri.fr/compost/ecole-elementaire-henri-lesage/"
"Ecole élémentaire Grand Carcouet";"Composteur Pédagogique en établissement scolaire";"Pavillon 1,5 m3";"En service";"Breil - Barberie";"29-09-2016";"2010";"47.227802";"-1.592902";"http://www.compostri.fr/wp-content/uploads/2015/01/scene12_72dpi-150x150.jpg";"http://www.compostri.fr/compost/ecole-elementaire-grand-carcouet/"
"Ecole élémentaire Georges Sand";"Composteur Pédagogique en établissement scolaire";"Pavillon 1,5 m3";"En service";"Nantes Nord";"";"2012";"47.259079";"-1.568922";"http://www.compostri.fr/wp-content/uploads/2015/01/scene12_72dpi-150x150.jpg";"http://www.compostri.fr/compost/ecole-elementaire-georges-sand/"
"Ecole maternelle George Brassens";"Composteur Pédagogique en établissement scolaire";"Pavillon 1,5 m3";"En service";"Nantes Nord";"00-00-2013";"2013";"47.262169";"-1.570867";"http://www.compostri.fr/wp-content/uploads/2015/01/scene12_72dpi-150x150.jpg";"http://www.compostri.fr/compost/ecole-maternelle-george-brassens/"
"Ecole élémentaire Gay Lussac";"Composteur Pédagogique en établissement scolaire";"Pavillon 1,5 m3";"En service";"Doulon - Bottière";"06-10-2016";"2011";"47.227869";"-1.521940";"http://www.compostri.fr/wp-content/uploads/2015/01/scene12_72dpi-150x150.jpg";"http://www.compostri.fr/compost/ecole-elementaire-gay-lussac/"
"Ecole élémentaire des Garennes";"Composteur Pédagogique en établissement scolaire";"Pavillon 1,5 m3";"En service";"Bellevue - Chantenay - Sainte-Anne";"";"2011";"47.201870";"-1.577965";"http://www.compostri.fr/wp-content/uploads/2015/01/scene12_72dpi-150x150.jpg";"http://www.compostri.fr/compost/ecole-elementaire-des-garennes/"
"Ecole élémentaire François Dallet";"Composteur Pédagogique en établissement scolaire";"Pavillon 1,5 m3";"En service";"Doulon - Bottière";"29-09-2016";"2013";"47.234471";"-1.533735";"http://www.compostri.fr/wp-content/uploads/2015/01/scene12_72dpi-150x150.jpg";"http://www.compostri.fr/compost/ecole-elementaire-francois-dallet/"
"Ecole maternelle Fonteny";"Composteur Pédagogique en établissement scolaire";"Pavillon 1,5 m3";"En service";"Bellevue - Chantenay - Sainte-Anne";"";"2012";"47.205135";"-1.5928257";"http://www.compostri.fr/wp-content/uploads/2015/01/Fonteny-150x150.jpg";"http://www.compostri.fr/compost/ecole-maternelle-fonteny/"
"Ecole élémentaire Fellonneau";"Composteur Pédagogique en établissement scolaire";"Pavillon 1,5 m3";"En service";"Hauts-Pavés - Saint-Félix";"";"2010";"47.2314089";"-1.5543489";"http://www.compostri.fr/wp-content/uploads/2015/01/fellonneau-nantes-150x150.jpg";"http://www.compostri.fr/compost/ecole-maternelle-fellonneau/"
"Ecole Diwan";"Composteur Pédagogique en établissement scolaire";"Pavillon 1,5 m3";"En service";"Dervallières - Zola";"29-09-2016";"2010";"47.219201";"-1.602191";"http://www.compostri.fr/wp-content/uploads/2015/01/diwan-150x125.jpeg";"http://www.compostri.fr/compost/ecole-diwan/"
"Ecole maternelle Dervallières-Chézine";"Composteur Pédagogique en établissement scolaire";"Pavillon 1,5 m3";"En service";"Dervallières - Zola";"";"2010";"47.2270726";"-1.5976218";"http://www.compostri.fr/wp-content/uploads/2015/01/scene12_72dpi-150x150.jpg";"http://www.compostri.fr/compost/ecole-maternelle-dervallieres-chezine/"
"Ecole élémentaire de la Contrie";"Composteur Pédagogique en établissement scolaire";"Pavillon 1,5 m3";"En service";"Dervallières - Zola";"";"2012";"47.2150664";"-1.6010558";"http://www.compostri.fr/wp-content/uploads/2015/01/scene12_72dpi-150x150.jpg";"http://www.compostri.fr/compost/ecole-elementaire-de-la-contrie/"
"Ecole Chêne-d&rsquo;Aron";"Composteur Pédagogique en établissement scolaire";"Pavillon 1,5 m3";"En service";"Nantes centre";"";"2011";"47.2123968";"-1.561360499999978";"http://www.compostri.fr/wp-content/uploads/2015/01/Ecole-Chene-dAron-NANTES-5-150x150.jpg";"http://www.compostri.fr/compost/ecole-chene-daron/"
"Ecole élémentaire de la Chauvinière";"Composteur Pédagogique en établissement scolaire";"Pavillon 1,5 m3";"En service";"Nantes Nord";"06-10-2016";"2011";"47.253092";"-1.575098";"http://www.compostri.fr/wp-content/uploads/2015/01/scene12_72dpi-150x150.jpg";"http://www.compostri.fr/compost/ecole-elementaire-de-la-chauviniere/"
"Ecole élémentaire des Chataîgniers";"Composteur Pédagogique en établissement scolaire";"Pavillon 1,5 m3";"En service";"Dervallières - Zola";"";"2011";"47.2204186";"-1.6001197000000502";"http://www.compostri.fr/wp-content/uploads/2015/01/scene12_72dpi-150x150.jpg";"http://www.compostri.fr/compost/ecole-elementaire-des-chataigniers/"
"Ecole de la Bottière";"Composteur Pédagogique en établissement scolaire";"Pavillon 1,5 m3";"En service";"Doulon - Bottière";"";"2010";"47.237928";"-1.522485999999958";"http://www.compostri.fr/wp-content/uploads/2015/01/scene12_72dpi-150x150.jpg";"http://www.compostri.fr/compost/ecole-de-la-bottiere/"
"Ecole Ange Guépin";"Composteur Pédagogique en établissement scolaire";"Pavillon 1,5 m3";"En service";"Malakoff - Saint-Donatien";"29-09-2016";"2010";"47.2175466";"-1.5192799999999806";"http://www.compostri.fr/wp-content/uploads/2015/01/scene12_72dpi-150x150.jpg";"http://www.compostri.fr/compost/ecole-ange-guepin/"
"Ecole Alain Fournier";"Composteur Pédagogique en établissement scolaire";"Pavillon 1,5 m3";"En service";"Bellevue - Chantenay - Sainte-Anne";"22-09-2016";"2010";"47.2040719";"-1.600138799999968";"http://www.compostri.fr/wp-content/uploads/2015/01/alain-fournier-150x150.jpg";"http://www.compostri.fr/compost/ecole-alain-fournier/"
"Ecole primaire Anatole de Monzie";"Composteur Pédagogique en établissement scolaire";"Pavillon 1,5 m3";"En service";"Île de Nantes";"";"2013";"47.2026472";"-1.5410670999999638";"http://www.compostri.fr/wp-content/uploads/2015/01/a-de-monzie-150x110.jpg";"http://www.compostri.fr/compost/ecole-anatole-de-monzie-primaire/"
"Jardin des Garettes";"Composteur ouvert au quartier, Composteur sur des jardins collectifs";"Silos 2x2.5m3";"En service";"Orvault";"";"2014";"47.274265";"-1.625867";"http://www.compostri.fr/wp-content/uploads/2015/01/Jardin-Des-garettes-montage-32-150x150.jpg";"http://www.compostri.fr/compost/jardin-des-garettes-orvault/"
"Jardins partagés de Beautour &#8211; Vertou";"Composteur sur des jardins collectifs";"Pavillon 2,5 m3";"En service";"Vertou";"01-09-2016";"2013";"47.179366";"-1.505915";"http://www.compostri.fr/wp-content/uploads/2015/01/DSC_0016-150x150.jpg";"http://www.compostri.fr/compost/jardins-partages-beautour/"
"Jardins Famibio";"Composteur sur des jardins collectifs";"Pavillon 2,5 m3";"En service";"Thouaré-sur-Loire";"";"2011";"47.2746184";"-1.4294688999999607";"http://www.compostri.fr/wp-content/uploads/2015/01/DSC_0016-150x150.jpg";"http://www.compostri.fr/compost/jardins-famibio/"
"Jardins familiaux de la Contrie";"Composteur ouvert au quartier, Composteur sur des jardins collectifs";"Pavillon 20 m3";"En service";"Dervallières - Zola";"00-04-2009";"2009";"47.218360";"-1.601033";"http://www.compostri.fr/wp-content/uploads/2015/01/Jardin-de-la-Contrie-1-150x150.jpg";"http://www.compostri.fr/compost/jardins-familiaux-de-la-contrie/"
"La Crapaudine";"Composteur ouvert au quartier";"Pavillon 20 m3";"En service";"Nantes Sud";"";"2011";"47.192031";"-1.530538";"http://www.compostri.fr/wp-content/uploads/20m3.Crap2_-150x150.jpg";"http://www.compostri.fr/compost/la-crapaudine/"
"Crèche brin de malice";"Composteur Pédagogique en établissement scolaire";"Pavillon 1,5 m3";"En service";"Nantes Sud";"01-09-2016";"2011";"47.193029";"-1.531305";"http://www.compostri.fr/wp-content/uploads/2015/01/Composteur.1.5m3-150x150.jpeg";"http://www.compostri.fr/compost/creche-brin-de-malice/"
"Moulin des Rives";"Composteur ouvert au quartier";"Pavillon 2,5 m3";"En service";"Saint-Aignan-de-Grand-Lieu";"";"2014";"47.124134";"-1.630217";"http://www.compostri.fr/wp-content/uploads/2015/01/Moulin-des-Rives-web-150x150.jpg";"http://www.compostri.fr/compost/moulin-des-rives-saint-aignan-de-grandlieu/"


